-- phpMyAdmin SQL Dump
-- version 5.2.1
-- https://www.phpmyadmin.net/
--
-- Host: 127.0.0.1
-- Generation Time: Apr 05, 2026 at 07:29 PM
-- Server version: 10.4.32-MariaDB
-- PHP Version: 8.2.12

SET SQL_MODE = "NO_AUTO_VALUE_ON_ZERO";
START TRANSACTION;
SET time_zone = "+00:00";


/*!40101 SET @OLD_CHARACTER_SET_CLIENT=@@CHARACTER_SET_CLIENT */;
/*!40101 SET @OLD_CHARACTER_SET_RESULTS=@@CHARACTER_SET_RESULTS */;
/*!40101 SET @OLD_COLLATION_CONNECTION=@@COLLATION_CONNECTION */;
/*!40101 SET NAMES utf8mb4 */;

--
-- Database: `fish_drying`
--

-- --------------------------------------------------------

--
-- Table structure for table `batch_schedules`
--

CREATE TABLE `batch_schedules` (
  `id` int(11) NOT NULL,
  `user_id` int(11) NOT NULL,
  `title` varchar(120) NOT NULL DEFAULT 'Tilapia Batch',
  `sched_date` date NOT NULL,
  `sched_time` time NOT NULL DEFAULT '08:00:00',
  `set_temp` decimal(5,2) NOT NULL DEFAULT 45.00,
  `set_humidity` decimal(5,2) NOT NULL DEFAULT 25.00,
  `notes` text DEFAULT NULL,
  `status` enum('Scheduled','Running','Done','Cancelled') NOT NULL DEFAULT 'Scheduled',
  `created_at` datetime NOT NULL DEFAULT current_timestamp()
) ENGINE=InnoDB DEFAULT CHARSET=utf8mb4 COLLATE=utf8mb4_general_ci;

--
-- Dumping data for table `batch_schedules`
--

INSERT INTO `batch_schedules` (`id`, `user_id`, `title`, `sched_date`, `sched_time`, `set_temp`, `set_humidity`, `notes`, `status`, `created_at`) VALUES
(1, 23, 'Fishda Batch A', '2026-04-04', '08:00:00', 33.00, 30.00, 'Temporary upcoming schedule seed', 'Scheduled', '2026-04-03 21:34:18'),
(2, 23, 'Aquadry Batch B', '2026-04-05', '09:30:00', 34.00, 32.00, 'Temporary upcoming schedule seed', 'Scheduled', '2026-04-03 21:34:18'),
(3, 23, 'HeatBot Batch C', '2026-04-06', '13:00:00', 35.00, 31.00, 'Temporary upcoming schedule seed', 'Scheduled', '2026-04-03 21:34:18'),
(4, 23, 'Fishda Batch D', '2026-04-07', '15:00:00', 32.00, 29.00, 'Temporary upcoming schedule seed', 'Scheduled', '2026-04-03 21:34:18'),
(5, 3, 'Tilapia Batch', '2026-04-03', '08:00:00', 50.00, 30.00, '', 'Scheduled', '2026-04-03 22:19:04');

-- --------------------------------------------------------

--
-- Table structure for table `drying_controls`
--

CREATE TABLE `drying_controls` (
  `id` int(11) NOT NULL,
  `status` varchar(20) DEFAULT 'STOPPED',
  `target_temp` float DEFAULT 0,
  `target_humidity` float DEFAULT 0,
  `start_time` datetime DEFAULT NULL,
  `cooldown_until` datetime DEFAULT NULL
) ENGINE=InnoDB DEFAULT CHARSET=utf8mb4 COLLATE=utf8mb4_general_ci;

--
-- Dumping data for table `drying_controls`
--

INSERT INTO `drying_controls` (`id`, `status`, `target_temp`, `target_humidity`, `start_time`, `cooldown_until`) VALUES
(1, 'STOPPED', 50, 30, NULL, NULL);

-- --------------------------------------------------------

--
-- Table structure for table `drying_logs`
--

CREATE TABLE `drying_logs` (
  `log_id` int(11) NOT NULL,
  `session_id` int(11) NOT NULL,
  `recorded_temp` decimal(5,2) NOT NULL,
  `recorded_humidity` decimal(5,2) NOT NULL,
  `heater_state` tinyint(1) NOT NULL DEFAULT 0,
  `exhaust_state` tinyint(1) NOT NULL DEFAULT 0,
  `fan_state` tinyint(1) NOT NULL DEFAULT 0,
  `phase` enum('Heating','Exhaust','Cooldown','Idle') DEFAULT 'Idle',
  `timestamp` datetime NOT NULL DEFAULT current_timestamp()
) ENGINE=InnoDB DEFAULT CHARSET=utf8mb4 COLLATE=utf8mb4_general_ci;

--
-- Dumping data for table `drying_logs`
--

INSERT INTO `drying_logs` (`log_id`, `session_id`, `recorded_temp`, `recorded_humidity`, `heater_state`, `exhaust_state`, `fan_state`, `phase`, `timestamp`) VALUES
(1, 1, 33.10, 39.00, 0, 0, 1, '', '2026-04-03 08:15:00'),
(2, 1, 33.00, 38.50, 0, 0, 1, '', '2026-04-03 08:17:00'),
(3, 2, 34.00, 40.00, 0, 1, 1, '', '2026-04-03 09:40:00'),
(4, 2, 34.20, 39.60, 0, 1, 1, '', '2026-04-03 09:52:00'),
(5, 3, 35.20, 38.50, 0, 1, 1, '', '2026-04-03 10:28:00'),
(6, 3, 35.00, 38.00, 0, 1, 1, '', '2026-04-03 10:40:00'),
(7, 4, 32.40, 41.20, 0, 0, 1, '', '2026-04-03 11:15:00'),
(8, 4, 32.10, 40.80, 0, 0, 1, '', '2026-04-03 11:21:00'),
(9, 5, 34.50, 37.80, 0, 1, 1, '', '2026-04-03 12:10:00'),
(10, 5, 34.70, 37.40, 0, 1, 1, '', '2026-04-03 12:20:00'),
(11, 8, 28.80, 56.00, 0, 0, 1, 'Heating', '2026-04-05 20:55:16'),
(12, 8, 28.80, 56.00, 0, 0, 1, 'Heating', '2026-04-05 20:55:21'),
(13, 9, 28.80, 56.00, 0, 0, 1, 'Heating', '2026-04-05 20:55:26'),
(14, 9, 28.80, 56.00, 0, 0, 1, 'Heating', '2026-04-05 20:55:31'),
(15, 9, 28.80, 56.00, 0, 0, 1, 'Heating', '2026-04-05 20:55:36'),
(16, 10, 28.80, 56.00, 0, 0, 1, 'Heating', '2026-04-05 20:55:41'),
(17, 10, 28.80, 56.00, 0, 0, 1, 'Heating', '2026-04-05 20:55:46'),
(18, 10, 28.80, 56.00, 0, 0, 1, 'Heating', '2026-04-05 20:55:51'),
(19, 10, 28.80, 56.00, 0, 0, 1, 'Heating', '2026-04-05 20:55:56'),
(20, 10, 28.80, 56.00, 0, 0, 1, 'Heating', '2026-04-05 20:56:01'),
(21, 10, 28.80, 56.00, 0, 0, 1, 'Heating', '2026-04-05 20:56:06'),
(22, 10, 28.80, 56.00, 0, 0, 1, 'Heating', '2026-04-05 20:56:11'),
(23, 10, 28.80, 56.00, 0, 0, 1, 'Heating', '2026-04-05 20:56:16'),
(24, 10, 28.80, 56.00, 0, 0, 1, 'Heating', '2026-04-05 20:56:21'),
(25, 10, 28.80, 56.00, 0, 0, 1, 'Heating', '2026-04-05 20:56:26'),
(26, 10, 28.80, 56.00, 0, 0, 1, 'Heating', '2026-04-05 20:56:31'),
(27, 10, 28.80, 56.00, 0, 0, 1, 'Heating', '2026-04-05 20:56:36'),
(28, 10, 28.80, 56.00, 0, 0, 1, 'Heating', '2026-04-05 20:56:41'),
(29, 10, 28.80, 56.00, 0, 0, 1, 'Heating', '2026-04-05 20:56:46'),
(30, 10, 28.80, 56.00, 0, 0, 1, 'Heating', '2026-04-05 20:56:51'),
(31, 10, 28.80, 56.00, 0, 0, 1, 'Heating', '2026-04-05 20:56:56'),
(32, 10, 28.80, 56.00, 0, 0, 1, 'Heating', '2026-04-05 20:57:01'),
(33, 10, 28.80, 56.00, 0, 0, 1, 'Heating', '2026-04-05 20:57:06'),
(34, 10, 28.80, 56.00, 0, 0, 1, 'Heating', '2026-04-05 20:57:11'),
(35, 10, 28.80, 56.00, 0, 0, 1, 'Heating', '2026-04-05 20:57:16'),
(36, 10, 28.80, 56.00, 0, 0, 1, 'Heating', '2026-04-05 20:57:21'),
(37, 10, 28.90, 56.00, 0, 0, 1, 'Heating', '2026-04-05 20:57:26'),
(38, 10, 28.90, 56.00, 0, 0, 1, 'Heating', '2026-04-05 20:57:31'),
(39, 10, 28.90, 56.00, 0, 0, 1, 'Heating', '2026-04-05 20:57:36'),
(40, 10, 28.90, 56.00, 0, 0, 1, 'Heating', '2026-04-05 20:57:41'),
(41, 10, 28.90, 56.00, 0, 0, 1, 'Heating', '2026-04-05 20:57:46'),
(42, 10, 28.90, 56.00, 0, 0, 1, 'Heating', '2026-04-05 20:57:51'),
(43, 10, 28.90, 56.00, 0, 0, 1, 'Heating', '2026-04-05 20:57:56'),
(44, 10, 28.90, 56.00, 0, 0, 1, 'Heating', '2026-04-05 20:58:01'),
(45, 10, 28.90, 56.00, 0, 0, 1, 'Heating', '2026-04-05 20:58:06'),
(46, 10, 28.90, 56.00, 0, 0, 1, 'Heating', '2026-04-05 20:58:11'),
(47, 10, 28.90, 56.00, 0, 0, 1, 'Heating', '2026-04-05 20:58:16'),
(48, 10, 28.90, 56.00, 0, 0, 1, 'Heating', '2026-04-05 20:58:21'),
(49, 10, 28.90, 56.00, 0, 0, 1, 'Heating', '2026-04-05 20:58:26'),
(50, 10, 28.90, 55.00, 0, 0, 1, 'Heating', '2026-04-05 20:58:31'),
(51, 10, 28.90, 55.00, 0, 0, 1, 'Heating', '2026-04-05 20:58:36'),
(52, 10, 28.90, 55.00, 0, 0, 1, 'Heating', '2026-04-05 20:58:41'),
(53, 10, 28.90, 55.00, 0, 0, 1, 'Heating', '2026-04-05 20:58:46'),
(54, 10, 28.90, 55.00, 0, 0, 1, 'Heating', '2026-04-05 20:58:51'),
(55, 11, 28.90, 55.00, 0, 0, 1, 'Heating', '2026-04-05 20:58:56'),
(56, 11, 28.90, 55.00, 0, 0, 1, 'Heating', '2026-04-05 20:59:01'),
(57, 11, 28.90, 55.00, 0, 0, 1, 'Heating', '2026-04-05 20:59:06'),
(58, 11, 28.90, 55.00, 0, 0, 1, 'Heating', '2026-04-05 20:59:11'),
(59, 11, 28.90, 55.00, 0, 0, 1, 'Heating', '2026-04-05 20:59:16'),
(60, 11, 28.90, 55.00, 0, 0, 1, 'Heating', '2026-04-05 20:59:21'),
(61, 11, 28.90, 55.00, 0, 0, 1, 'Heating', '2026-04-05 20:59:26'),
(62, 11, 28.90, 55.00, 0, 0, 1, 'Heating', '2026-04-05 20:59:31'),
(63, 11, 28.90, 55.00, 0, 0, 1, 'Heating', '2026-04-05 20:59:36'),
(64, 11, 28.90, 55.00, 0, 0, 1, 'Heating', '2026-04-05 20:59:41'),
(65, 11, 28.90, 56.00, 0, 0, 1, 'Heating', '2026-04-05 20:59:46'),
(66, 11, 28.90, 56.00, 0, 0, 1, 'Heating', '2026-04-05 20:59:51'),
(67, 11, 28.90, 56.00, 0, 0, 1, 'Heating', '2026-04-05 20:59:56'),
(68, 11, 28.90, 56.00, 0, 0, 1, 'Heating', '2026-04-05 21:00:01'),
(69, 11, 28.90, 56.00, 0, 0, 1, 'Heating', '2026-04-05 21:00:06'),
(70, 11, 28.90, 56.00, 0, 0, 1, 'Heating', '2026-04-05 21:00:11'),
(71, 11, 28.90, 56.00, 0, 0, 1, 'Heating', '2026-04-05 21:00:16'),
(72, 11, 28.90, 56.00, 0, 0, 1, 'Heating', '2026-04-05 21:00:21'),
(73, 11, 28.90, 56.00, 0, 0, 1, 'Heating', '2026-04-05 21:00:26'),
(74, 11, 28.90, 56.00, 0, 0, 1, 'Heating', '2026-04-05 21:00:31'),
(75, 11, 28.90, 55.00, 0, 0, 1, 'Heating', '2026-04-05 21:00:36'),
(76, 11, 28.90, 55.00, 0, 0, 1, 'Heating', '2026-04-05 21:00:41'),
(77, 11, 28.90, 55.00, 0, 0, 1, 'Heating', '2026-04-05 21:00:46'),
(78, 11, 28.90, 55.00, 0, 0, 1, 'Heating', '2026-04-05 21:00:51'),
(79, 11, 28.90, 55.00, 0, 0, 1, 'Heating', '2026-04-05 21:00:56'),
(80, 11, 28.90, 55.00, 0, 0, 1, 'Heating', '2026-04-05 21:01:01'),
(81, 11, 28.90, 55.00, 0, 0, 1, 'Heating', '2026-04-05 21:01:06'),
(82, 11, 28.90, 55.00, 0, 0, 1, 'Heating', '2026-04-05 21:01:11'),
(83, 11, 28.90, 55.00, 0, 0, 1, 'Heating', '2026-04-05 21:01:16'),
(84, 11, 28.90, 55.00, 0, 0, 1, 'Heating', '2026-04-05 21:01:21'),
(85, 11, 28.90, 55.00, 0, 0, 1, 'Heating', '2026-04-05 21:01:26'),
(86, 11, 28.90, 55.00, 0, 0, 1, 'Heating', '2026-04-05 21:01:31'),
(87, 11, 28.90, 55.00, 0, 0, 1, 'Heating', '2026-04-05 21:01:36'),
(88, 11, 28.90, 55.00, 0, 0, 1, 'Heating', '2026-04-05 21:01:41'),
(89, 11, 28.90, 55.00, 0, 0, 1, 'Heating', '2026-04-05 21:01:46'),
(90, 11, 28.90, 55.00, 0, 0, 1, 'Heating', '2026-04-05 21:01:51'),
(91, 11, 28.90, 55.00, 0, 0, 1, 'Heating', '2026-04-05 21:01:56'),
(92, 11, 28.90, 55.00, 0, 0, 1, 'Heating', '2026-04-05 21:02:01'),
(93, 11, 28.90, 55.00, 0, 0, 1, 'Heating', '2026-04-05 21:02:09'),
(94, 11, 28.90, 55.00, 0, 0, 1, 'Heating', '2026-04-05 21:02:11'),
(95, 11, 29.00, 55.00, 0, 0, 1, 'Heating', '2026-04-05 21:02:16'),
(96, 11, 29.00, 55.00, 0, 0, 1, 'Heating', '2026-04-05 21:02:21'),
(97, 11, 29.00, 55.00, 0, 0, 1, 'Heating', '2026-04-05 21:02:26'),
(98, 11, 29.00, 55.00, 0, 0, 1, 'Heating', '2026-04-05 21:02:31'),
(99, 11, 29.00, 55.00, 0, 0, 1, 'Heating', '2026-04-05 21:02:36'),
(100, 11, 29.00, 55.00, 0, 0, 1, 'Heating', '2026-04-05 21:02:41'),
(101, 11, 29.00, 55.00, 0, 0, 1, 'Heating', '2026-04-05 21:02:46'),
(102, 11, 29.00, 55.00, 0, 0, 1, 'Heating', '2026-04-05 21:02:51'),
(103, 11, 29.00, 55.00, 0, 0, 1, 'Heating', '2026-04-05 21:02:56'),
(104, 12, 29.00, 55.00, 0, 0, 1, 'Heating', '2026-04-05 21:03:01'),
(105, 12, 29.00, 55.00, 0, 0, 1, 'Heating', '2026-04-05 21:03:06'),
(106, 12, 29.00, 55.00, 0, 0, 1, 'Heating', '2026-04-05 21:03:11'),
(107, 12, 29.00, 55.00, 0, 0, 1, 'Heating', '2026-04-05 21:03:16'),
(108, 12, 29.00, 55.00, 0, 0, 1, 'Heating', '2026-04-05 21:03:21'),
(109, 12, 29.00, 55.00, 0, 0, 1, 'Heating', '2026-04-05 21:03:26'),
(110, 12, 29.00, 55.00, 0, 0, 1, 'Heating', '2026-04-05 21:03:31'),
(111, 12, 29.00, 55.00, 0, 0, 1, 'Heating', '2026-04-05 21:03:36'),
(112, 12, 29.00, 55.00, 0, 0, 1, 'Heating', '2026-04-05 21:03:41'),
(113, 12, 29.00, 55.00, 0, 0, 1, 'Heating', '2026-04-05 21:03:47'),
(114, 12, 29.00, 55.00, 0, 0, 1, 'Heating', '2026-04-05 21:03:51'),
(115, 12, 29.00, 55.00, 0, 0, 1, 'Heating', '2026-04-05 21:03:56'),
(116, 12, 29.00, 55.00, 0, 0, 1, 'Heating', '2026-04-05 21:04:01'),
(117, 12, 29.00, 55.00, 0, 0, 1, 'Heating', '2026-04-05 21:04:06'),
(118, 12, 29.00, 55.00, 0, 0, 1, 'Heating', '2026-04-05 21:04:11'),
(119, 12, 29.00, 55.00, 0, 0, 1, 'Heating', '2026-04-05 21:04:16'),
(120, 12, 29.00, 55.00, 0, 0, 1, 'Heating', '2026-04-05 21:04:21'),
(121, 12, 29.00, 55.00, 0, 0, 1, 'Heating', '2026-04-05 21:04:26'),
(122, 12, 29.00, 55.00, 0, 0, 1, 'Heating', '2026-04-05 21:04:31'),
(123, 12, 28.40, 56.00, 0, 0, 1, 'Heating', '2026-04-05 21:51:23'),
(124, 12, 28.40, 56.00, 0, 0, 1, 'Heating', '2026-04-05 21:51:28'),
(125, 12, 28.40, 56.00, 0, 0, 1, 'Heating', '2026-04-05 21:51:37'),
(126, 12, 28.40, 56.00, 0, 0, 1, 'Heating', '2026-04-05 21:51:41'),
(127, 12, 28.40, 56.00, 0, 0, 1, 'Heating', '2026-04-05 21:51:46'),
(128, 12, 28.40, 56.00, 0, 0, 1, 'Heating', '2026-04-05 21:51:51'),
(129, 12, 28.40, 56.00, 0, 0, 1, 'Heating', '2026-04-05 21:51:56'),
(130, 12, 28.40, 56.00, 0, 0, 1, 'Heating', '2026-04-05 21:52:01'),
(131, 12, 28.40, 56.00, 0, 0, 1, 'Heating', '2026-04-05 21:52:06'),
(132, 12, 28.40, 56.00, 0, 0, 1, 'Heating', '2026-04-05 21:52:11'),
(133, 12, 28.40, 56.00, 0, 0, 1, 'Heating', '2026-04-05 21:52:16'),
(134, 12, 28.40, 56.00, 0, 0, 1, 'Heating', '2026-04-05 21:52:21'),
(135, 12, 28.40, 56.00, 0, 0, 1, 'Heating', '2026-04-05 21:52:26'),
(136, 12, 28.40, 56.00, 0, 0, 1, 'Heating', '2026-04-05 21:52:31'),
(137, 12, 28.40, 56.00, 0, 0, 1, 'Heating', '2026-04-05 21:52:36'),
(138, 12, 28.40, 56.00, 0, 0, 1, 'Heating', '2026-04-05 21:52:41'),
(139, 12, 28.40, 56.00, 0, 0, 1, 'Heating', '2026-04-05 21:52:46'),
(140, 12, 28.40, 56.00, 0, 0, 1, 'Heating', '2026-04-05 21:52:51'),
(141, 12, 28.40, 56.00, 0, 0, 1, 'Heating', '2026-04-05 21:52:56'),
(142, 12, 28.40, 56.00, 0, 0, 1, 'Heating', '2026-04-05 21:53:01'),
(143, 12, 28.30, 56.00, 0, 0, 1, 'Heating', '2026-04-05 21:53:06'),
(144, 12, 28.40, 56.00, 0, 0, 1, 'Heating', '2026-04-05 21:53:11'),
(145, 12, 28.40, 56.00, 0, 0, 1, 'Heating', '2026-04-05 21:53:16'),
(146, 12, 28.30, 56.00, 0, 0, 1, 'Heating', '2026-04-05 21:53:21'),
(147, 12, 28.30, 56.00, 0, 0, 1, 'Heating', '2026-04-05 21:53:26'),
(148, 12, 28.30, 56.00, 0, 0, 1, 'Heating', '2026-04-05 21:53:31'),
(149, 12, 28.30, 56.00, 0, 0, 1, 'Heating', '2026-04-05 21:53:36'),
(150, 12, 28.30, 56.00, 0, 0, 1, 'Heating', '2026-04-05 21:53:41'),
(151, 12, 28.30, 56.00, 0, 0, 1, 'Heating', '2026-04-05 21:53:46'),
(152, 12, 28.30, 56.00, 0, 0, 1, 'Heating', '2026-04-05 21:53:51'),
(153, 12, 28.30, 56.00, 0, 0, 1, 'Heating', '2026-04-05 21:53:56'),
(154, 12, 28.30, 56.00, 0, 0, 1, 'Heating', '2026-04-05 21:54:01'),
(155, 12, 28.30, 56.00, 0, 0, 1, 'Heating', '2026-04-05 21:54:06'),
(156, 12, 28.30, 56.00, 0, 0, 1, 'Heating', '2026-04-05 21:54:11'),
(157, 12, 28.30, 56.00, 0, 0, 1, 'Heating', '2026-04-05 21:54:16'),
(158, 12, 28.30, 56.00, 0, 0, 1, 'Heating', '2026-04-05 21:54:21'),
(159, 12, 28.30, 56.00, 0, 0, 1, 'Heating', '2026-04-05 21:54:26'),
(160, 12, 28.30, 56.00, 0, 0, 1, 'Heating', '2026-04-05 21:54:31'),
(161, 12, 28.30, 56.00, 0, 0, 1, 'Heating', '2026-04-05 21:54:36'),
(162, 12, 28.30, 56.00, 0, 0, 1, 'Heating', '2026-04-05 21:54:41'),
(163, 12, 28.30, 56.00, 0, 0, 1, 'Heating', '2026-04-05 21:54:46'),
(164, 12, 28.30, 56.00, 0, 0, 1, 'Heating', '2026-04-05 21:54:51'),
(165, 12, 28.30, 56.00, 0, 0, 1, 'Heating', '2026-04-05 21:54:56'),
(166, 12, 28.30, 56.00, 0, 0, 1, 'Heating', '2026-04-05 21:55:01'),
(167, 12, 28.30, 56.00, 0, 0, 1, 'Heating', '2026-04-05 21:55:06'),
(168, 12, 28.30, 56.00, 0, 0, 1, 'Heating', '2026-04-05 21:55:11'),
(169, 12, 28.30, 56.00, 0, 0, 1, 'Heating', '2026-04-05 21:55:16'),
(170, 12, 28.30, 56.00, 0, 0, 1, 'Heating', '2026-04-05 21:55:21'),
(171, 12, 28.30, 56.00, 0, 0, 1, 'Heating', '2026-04-05 21:55:26'),
(172, 12, 28.30, 56.00, 0, 0, 1, 'Heating', '2026-04-05 21:55:31'),
(173, 12, 28.30, 56.00, 0, 0, 1, 'Heating', '2026-04-05 21:55:36'),
(174, 12, 28.30, 56.00, 0, 0, 1, 'Heating', '2026-04-05 21:55:41'),
(175, 12, 28.30, 56.00, 0, 0, 1, 'Heating', '2026-04-05 21:55:46'),
(176, 12, 28.30, 56.00, 0, 0, 1, 'Heating', '2026-04-05 21:55:51'),
(177, 12, 28.30, 56.00, 0, 0, 1, 'Heating', '2026-04-05 21:55:56'),
(178, 12, 28.30, 56.00, 0, 0, 1, 'Heating', '2026-04-05 21:56:01'),
(179, 12, 28.30, 56.00, 0, 0, 1, 'Heating', '2026-04-05 21:56:06'),
(180, 12, 28.30, 56.00, 0, 0, 1, 'Heating', '2026-04-05 21:56:11'),
(181, 12, 28.30, 56.00, 0, 0, 1, 'Heating', '2026-04-05 21:56:16'),
(182, 12, 28.30, 56.00, 0, 0, 1, 'Heating', '2026-04-05 21:56:21'),
(183, 12, 28.30, 56.00, 0, 0, 1, 'Heating', '2026-04-05 21:56:26'),
(184, 12, 28.30, 56.00, 0, 0, 1, 'Heating', '2026-04-05 21:56:31'),
(185, 12, 28.30, 56.00, 0, 0, 1, 'Heating', '2026-04-05 21:56:36'),
(186, 12, 28.30, 56.00, 0, 0, 1, 'Heating', '2026-04-05 21:56:41'),
(187, 12, 28.30, 56.00, 0, 0, 1, 'Heating', '2026-04-05 21:56:46'),
(188, 12, 28.30, 56.00, 0, 0, 1, 'Heating', '2026-04-05 21:56:51'),
(189, 12, 28.30, 57.00, 0, 0, 1, 'Heating', '2026-04-05 21:56:56'),
(190, 12, 28.30, 57.00, 0, 0, 1, 'Heating', '2026-04-05 21:57:01'),
(191, 12, 28.20, 57.00, 0, 0, 1, 'Heating', '2026-04-05 21:57:06'),
(192, 12, 28.20, 57.00, 0, 0, 1, 'Heating', '2026-04-05 21:57:11'),
(193, 12, 28.20, 56.00, 0, 0, 1, 'Heating', '2026-04-05 21:57:16'),
(194, 12, 28.20, 56.00, 0, 0, 1, 'Heating', '2026-04-05 21:57:21'),
(195, 12, 28.20, 56.00, 0, 0, 1, 'Heating', '2026-04-05 21:57:26'),
(196, 12, 28.20, 56.00, 0, 0, 1, 'Heating', '2026-04-05 21:57:31'),
(197, 12, 28.20, 56.00, 0, 0, 1, 'Heating', '2026-04-05 21:57:36'),
(198, 12, 28.20, 56.00, 0, 0, 1, 'Heating', '2026-04-05 21:57:41'),
(199, 12, 28.20, 56.00, 0, 0, 1, 'Heating', '2026-04-05 21:57:46'),
(200, 12, 28.20, 56.00, 0, 0, 1, 'Heating', '2026-04-05 21:57:51'),
(201, 12, 28.20, 57.00, 0, 0, 1, 'Heating', '2026-04-05 21:57:56'),
(202, 12, 28.20, 56.00, 0, 0, 1, 'Heating', '2026-04-05 21:58:01'),
(203, 12, 28.20, 57.00, 0, 0, 1, 'Heating', '2026-04-05 21:58:06'),
(204, 12, 28.20, 57.00, 0, 0, 1, 'Heating', '2026-04-05 21:58:11'),
(205, 12, 28.20, 57.00, 0, 0, 1, 'Heating', '2026-04-05 21:58:16'),
(206, 12, 28.20, 57.00, 0, 0, 1, 'Heating', '2026-04-05 21:58:21'),
(207, 12, 28.20, 57.00, 0, 0, 1, 'Heating', '2026-04-05 21:58:26'),
(208, 12, 28.20, 57.00, 0, 0, 1, 'Heating', '2026-04-05 21:58:31'),
(209, 12, 28.20, 57.00, 0, 0, 1, 'Heating', '2026-04-05 21:58:36'),
(210, 12, 28.20, 57.00, 0, 0, 1, 'Heating', '2026-04-05 21:58:41'),
(211, 12, 28.20, 57.00, 0, 0, 1, 'Heating', '2026-04-05 21:58:46'),
(212, 12, 28.20, 57.00, 0, 0, 1, 'Heating', '2026-04-05 21:58:51'),
(213, 12, 28.20, 57.00, 0, 0, 1, 'Heating', '2026-04-05 21:58:56'),
(214, 12, 28.20, 57.00, 0, 0, 1, 'Heating', '2026-04-05 21:59:01'),
(215, 12, 28.20, 57.00, 0, 0, 1, 'Heating', '2026-04-05 21:59:06'),
(216, 12, 28.20, 57.00, 0, 0, 1, 'Heating', '2026-04-05 21:59:11'),
(217, 12, 28.20, 57.00, 0, 0, 1, 'Heating', '2026-04-05 21:59:16'),
(218, 12, 28.20, 57.00, 0, 0, 1, 'Heating', '2026-04-05 21:59:21'),
(219, 12, 28.20, 57.00, 0, 0, 1, 'Heating', '2026-04-05 21:59:26'),
(220, 12, 28.20, 57.00, 0, 0, 1, 'Heating', '2026-04-05 21:59:31'),
(221, 12, 28.20, 57.00, 0, 0, 1, 'Heating', '2026-04-05 21:59:36'),
(222, 12, 28.20, 57.00, 0, 0, 1, 'Heating', '2026-04-05 21:59:41'),
(223, 12, 28.20, 57.00, 0, 0, 1, 'Heating', '2026-04-05 21:59:46'),
(224, 12, 28.10, 57.00, 0, 0, 1, 'Heating', '2026-04-05 21:59:51'),
(225, 12, 28.10, 57.00, 0, 0, 1, 'Heating', '2026-04-05 21:59:56'),
(226, 12, 28.10, 57.00, 0, 0, 1, 'Heating', '2026-04-05 22:00:01'),
(227, 12, 28.10, 57.00, 0, 0, 1, 'Heating', '2026-04-05 22:00:06'),
(228, 12, 28.10, 57.00, 0, 0, 1, 'Heating', '2026-04-05 22:00:11'),
(229, 12, 28.10, 57.00, 0, 0, 1, 'Heating', '2026-04-05 22:00:16'),
(230, 12, 28.10, 57.00, 0, 0, 1, 'Heating', '2026-04-05 22:00:21'),
(231, 12, 28.10, 57.00, 0, 0, 1, 'Heating', '2026-04-05 22:00:26'),
(232, 12, 28.10, 57.00, 0, 0, 1, 'Heating', '2026-04-05 22:00:31'),
(233, 12, 28.10, 57.00, 0, 0, 1, 'Heating', '2026-04-05 22:00:36'),
(234, 12, 28.10, 57.00, 0, 0, 1, 'Heating', '2026-04-05 22:00:41'),
(235, 12, 28.10, 57.00, 0, 0, 1, 'Heating', '2026-04-05 22:00:46'),
(236, 12, 28.10, 57.00, 0, 0, 1, 'Heating', '2026-04-05 22:00:51'),
(237, 12, 28.10, 57.00, 0, 0, 1, 'Heating', '2026-04-05 22:00:56'),
(238, 12, 28.10, 57.00, 0, 0, 1, 'Heating', '2026-04-05 22:01:01'),
(239, 12, 28.10, 57.00, 0, 0, 1, 'Heating', '2026-04-05 22:01:06'),
(240, 12, 28.10, 57.00, 0, 0, 1, 'Heating', '2026-04-05 22:01:11'),
(241, 12, 28.10, 57.00, 0, 0, 1, 'Heating', '2026-04-05 22:01:16'),
(242, 12, 28.10, 57.00, 0, 0, 1, 'Heating', '2026-04-05 22:01:21'),
(243, 12, 28.10, 57.00, 0, 0, 1, 'Heating', '2026-04-05 22:01:26'),
(244, 12, 28.10, 57.00, 0, 0, 1, 'Heating', '2026-04-05 22:01:31'),
(245, 12, 28.10, 57.00, 0, 0, 1, 'Heating', '2026-04-05 22:01:36'),
(246, 12, 28.10, 57.00, 0, 0, 1, 'Heating', '2026-04-05 22:01:41'),
(247, 12, 28.10, 57.00, 0, 0, 1, 'Heating', '2026-04-05 22:01:46'),
(248, 12, 28.10, 57.00, 0, 0, 1, 'Heating', '2026-04-05 22:01:51'),
(249, 12, 28.10, 57.00, 0, 0, 1, 'Heating', '2026-04-05 22:01:56'),
(250, 12, 28.10, 57.00, 0, 0, 1, 'Heating', '2026-04-05 22:02:01'),
(251, 12, 28.10, 57.00, 0, 0, 1, 'Heating', '2026-04-05 22:02:06'),
(252, 12, 28.10, 57.00, 0, 0, 1, 'Heating', '2026-04-05 22:02:11'),
(253, 12, 28.10, 57.00, 0, 0, 1, 'Heating', '2026-04-05 22:02:16'),
(254, 12, 28.10, 57.00, 0, 0, 1, 'Heating', '2026-04-05 22:02:21'),
(255, 12, 28.10, 58.00, 0, 0, 1, 'Heating', '2026-04-05 22:02:26'),
(256, 12, 28.10, 58.00, 0, 0, 1, 'Heating', '2026-04-05 22:02:31'),
(257, 12, 28.10, 58.00, 0, 0, 1, 'Heating', '2026-04-05 22:02:36'),
(258, 12, 28.10, 58.00, 0, 0, 1, 'Heating', '2026-04-05 22:02:41'),
(259, 12, 28.10, 58.00, 0, 0, 1, 'Heating', '2026-04-05 22:02:46'),
(260, 12, 28.10, 58.00, 0, 0, 1, 'Heating', '2026-04-05 22:02:51'),
(261, 12, 28.10, 58.00, 0, 0, 1, 'Heating', '2026-04-05 22:02:56'),
(262, 12, 28.10, 58.00, 0, 0, 1, 'Heating', '2026-04-05 22:03:01'),
(263, 12, 28.10, 58.00, 0, 0, 1, 'Heating', '2026-04-05 22:03:06'),
(264, 12, 28.10, 58.00, 0, 0, 1, 'Heating', '2026-04-05 22:03:11'),
(265, 12, 28.10, 57.00, 0, 0, 1, 'Heating', '2026-04-05 22:03:16'),
(266, 12, 28.10, 57.00, 0, 0, 1, 'Heating', '2026-04-05 22:03:21'),
(267, 12, 28.10, 57.00, 0, 0, 1, 'Heating', '2026-04-05 22:03:26'),
(268, 12, 28.10, 57.00, 0, 0, 1, 'Heating', '2026-04-05 22:03:31'),
(269, 12, 28.10, 57.00, 0, 0, 1, 'Heating', '2026-04-05 22:03:36'),
(270, 12, 28.10, 57.00, 0, 0, 1, 'Heating', '2026-04-05 22:03:41'),
(271, 12, 28.10, 57.00, 0, 0, 1, 'Heating', '2026-04-05 22:03:46'),
(272, 12, 28.10, 57.00, 0, 0, 1, 'Heating', '2026-04-05 22:03:51'),
(273, 12, 28.10, 57.00, 0, 0, 1, 'Heating', '2026-04-05 22:03:56'),
(274, 12, 28.10, 57.00, 0, 0, 1, 'Heating', '2026-04-05 22:04:01'),
(275, 12, 28.10, 57.00, 0, 0, 1, 'Heating', '2026-04-05 22:04:06'),
(276, 12, 28.10, 57.00, 0, 0, 1, 'Heating', '2026-04-05 22:04:11'),
(277, 12, 28.10, 57.00, 0, 0, 1, 'Heating', '2026-04-05 22:04:16'),
(278, 12, 28.10, 57.00, 0, 0, 1, 'Heating', '2026-04-05 22:04:21'),
(279, 12, 28.10, 57.00, 0, 0, 1, 'Heating', '2026-04-05 22:04:26'),
(280, 12, 28.10, 57.00, 0, 0, 1, 'Heating', '2026-04-05 22:04:31'),
(281, 12, 28.10, 57.00, 0, 0, 1, 'Heating', '2026-04-05 22:04:36'),
(282, 12, 28.10, 57.00, 0, 0, 1, 'Heating', '2026-04-05 22:04:41'),
(283, 12, 28.10, 57.00, 0, 0, 1, 'Heating', '2026-04-05 22:04:46'),
(284, 12, 28.10, 57.00, 0, 0, 1, 'Heating', '2026-04-05 22:04:51'),
(285, 12, 28.10, 57.00, 0, 0, 1, 'Heating', '2026-04-05 22:04:56'),
(286, 12, 28.10, 57.00, 0, 0, 1, 'Heating', '2026-04-05 22:05:01'),
(287, 12, 28.10, 57.00, 0, 0, 1, 'Heating', '2026-04-05 22:05:06'),
(288, 12, 28.10, 57.00, 0, 0, 1, 'Heating', '2026-04-05 22:05:11'),
(289, 12, 28.10, 57.00, 0, 0, 1, 'Heating', '2026-04-05 22:05:16'),
(290, 12, 28.10, 57.00, 0, 0, 1, 'Heating', '2026-04-05 22:05:21'),
(291, 12, 28.10, 57.00, 0, 0, 1, 'Heating', '2026-04-05 22:05:26'),
(292, 12, 28.10, 57.00, 0, 0, 1, 'Heating', '2026-04-05 22:05:31'),
(293, 12, 28.10, 57.00, 0, 0, 1, 'Heating', '2026-04-05 22:05:36'),
(294, 12, 28.10, 57.00, 0, 0, 1, 'Heating', '2026-04-05 22:05:41'),
(295, 12, 28.10, 57.00, 0, 0, 1, 'Heating', '2026-04-05 22:05:46'),
(296, 12, 28.10, 57.00, 0, 0, 1, 'Heating', '2026-04-05 22:05:51'),
(297, 12, 28.10, 57.00, 0, 0, 1, 'Heating', '2026-04-05 22:05:56'),
(298, 12, 28.10, 57.00, 0, 0, 1, 'Heating', '2026-04-05 22:06:01'),
(299, 12, 28.10, 57.00, 0, 0, 1, 'Heating', '2026-04-05 22:06:06'),
(300, 12, 28.10, 57.00, 0, 0, 1, 'Heating', '2026-04-05 22:06:11'),
(301, 12, 28.10, 57.00, 0, 0, 1, 'Heating', '2026-04-05 22:06:16'),
(302, 12, 28.10, 57.00, 0, 0, 1, 'Heating', '2026-04-05 22:06:21'),
(303, 12, 28.10, 57.00, 0, 0, 1, 'Heating', '2026-04-05 22:06:26'),
(304, 12, 28.10, 57.00, 0, 0, 1, 'Heating', '2026-04-05 22:06:31'),
(305, 12, 28.10, 57.00, 0, 0, 1, 'Heating', '2026-04-05 22:06:36'),
(306, 12, 28.10, 57.00, 0, 0, 1, 'Heating', '2026-04-05 22:06:41'),
(307, 12, 28.10, 57.00, 0, 0, 1, 'Heating', '2026-04-05 22:06:46'),
(308, 12, 28.10, 57.00, 0, 0, 1, 'Heating', '2026-04-05 22:06:51'),
(309, 12, 28.10, 57.00, 0, 0, 1, 'Heating', '2026-04-05 22:06:56'),
(310, 12, 28.10, 57.00, 0, 0, 1, 'Heating', '2026-04-05 22:07:01'),
(311, 12, 28.10, 57.00, 0, 0, 1, 'Heating', '2026-04-05 22:07:06'),
(312, 12, 28.10, 57.00, 0, 0, 1, 'Heating', '2026-04-05 22:07:11'),
(313, 12, 28.10, 57.00, 0, 0, 1, 'Heating', '2026-04-05 22:07:16'),
(314, 12, 28.10, 57.00, 0, 0, 1, 'Heating', '2026-04-05 22:07:21'),
(315, 12, 28.10, 57.00, 0, 0, 1, 'Heating', '2026-04-05 22:07:26'),
(316, 12, 28.10, 57.00, 0, 0, 1, 'Heating', '2026-04-05 22:07:31'),
(317, 12, 28.10, 57.00, 0, 0, 1, 'Heating', '2026-04-05 22:07:36'),
(318, 12, 28.10, 57.00, 0, 0, 1, 'Heating', '2026-04-05 22:07:41'),
(319, 12, 28.10, 57.00, 0, 0, 1, 'Heating', '2026-04-05 22:07:46'),
(320, 12, 28.10, 57.00, 0, 0, 1, 'Heating', '2026-04-05 22:07:51'),
(321, 12, 28.10, 57.00, 0, 0, 1, 'Heating', '2026-04-05 22:07:56'),
(322, 12, 28.10, 57.00, 0, 0, 1, 'Heating', '2026-04-05 22:08:01'),
(323, 12, 28.10, 57.00, 0, 0, 1, 'Heating', '2026-04-05 22:08:06'),
(324, 12, 28.10, 57.00, 0, 0, 1, 'Heating', '2026-04-05 22:08:11'),
(325, 12, 28.10, 57.00, 0, 0, 1, 'Heating', '2026-04-05 22:08:16'),
(326, 12, 28.10, 57.00, 0, 0, 1, 'Heating', '2026-04-05 22:08:21'),
(327, 12, 28.10, 57.00, 0, 0, 1, 'Heating', '2026-04-05 22:08:26'),
(328, 12, 28.10, 57.00, 0, 0, 1, 'Heating', '2026-04-05 22:08:31'),
(329, 12, 28.10, 57.00, 0, 0, 1, 'Heating', '2026-04-05 22:08:36'),
(330, 12, 28.00, 57.00, 0, 0, 1, 'Heating', '2026-04-05 22:08:41'),
(331, 12, 28.00, 57.00, 0, 0, 1, 'Heating', '2026-04-05 22:08:46'),
(332, 13, 28.10, 57.00, 0, 0, 1, 'Heating', '2026-04-05 22:08:51'),
(333, 13, 28.00, 57.00, 0, 0, 1, 'Heating', '2026-04-05 22:08:56'),
(334, 13, 28.10, 57.00, 0, 0, 1, 'Heating', '2026-04-05 22:09:01'),
(335, 13, 28.00, 57.00, 0, 0, 1, 'Heating', '2026-04-05 22:09:06'),
(336, 13, 28.00, 57.00, 0, 0, 1, 'Heating', '2026-04-05 22:09:11'),
(337, 13, 28.00, 57.00, 0, 0, 1, 'Heating', '2026-04-05 22:09:16'),
(338, 13, 28.00, 57.00, 0, 0, 1, 'Heating', '2026-04-05 22:09:21'),
(339, 13, 28.00, 57.00, 0, 0, 1, 'Heating', '2026-04-05 22:09:26'),
(340, 13, 28.00, 57.00, 0, 0, 1, 'Heating', '2026-04-05 22:09:31'),
(341, 13, 28.00, 57.00, 0, 0, 1, 'Heating', '2026-04-05 22:09:36'),
(342, 13, 28.00, 57.00, 0, 0, 1, 'Heating', '2026-04-05 22:09:41'),
(343, 13, 28.00, 57.00, 0, 0, 1, 'Heating', '2026-04-05 22:09:46'),
(344, 13, 28.00, 57.00, 0, 0, 1, 'Heating', '2026-04-05 22:09:51'),
(345, 13, 28.00, 57.00, 0, 0, 1, 'Heating', '2026-04-05 22:09:56'),
(346, 14, 28.00, 57.00, 0, 0, 1, 'Heating', '2026-04-05 22:10:01'),
(347, 14, 28.00, 57.00, 0, 0, 1, 'Heating', '2026-04-05 22:10:06'),
(348, 14, 28.00, 57.00, 0, 0, 1, 'Heating', '2026-04-05 22:10:11'),
(349, 14, 28.00, 57.00, 0, 0, 1, 'Heating', '2026-04-05 22:10:16'),
(350, 14, 28.00, 57.00, 0, 0, 1, 'Heating', '2026-04-05 22:10:21'),
(351, 14, 28.00, 57.00, 0, 0, 1, 'Heating', '2026-04-05 22:10:26'),
(352, 14, 28.00, 57.00, 0, 0, 1, 'Heating', '2026-04-05 22:10:31'),
(353, 14, 28.00, 57.00, 0, 0, 1, 'Heating', '2026-04-05 22:10:36'),
(354, 14, 28.00, 57.00, 0, 0, 1, 'Heating', '2026-04-05 22:10:41'),
(355, 14, 28.00, 57.00, 0, 0, 1, 'Heating', '2026-04-05 22:10:46'),
(356, 14, 28.00, 57.00, 0, 0, 1, 'Heating', '2026-04-05 22:10:51'),
(357, 14, 28.00, 57.00, 0, 0, 1, 'Heating', '2026-04-05 22:10:56'),
(358, 14, 28.00, 57.00, 0, 0, 1, 'Heating', '2026-04-05 22:11:01'),
(359, 14, 28.00, 57.00, 0, 0, 1, 'Heating', '2026-04-05 22:11:06'),
(360, 14, 28.00, 57.00, 0, 0, 1, 'Heating', '2026-04-05 22:11:11'),
(361, 14, 28.00, 57.00, 0, 0, 1, 'Heating', '2026-04-05 22:11:16'),
(362, 14, 28.00, 57.00, 0, 0, 1, 'Heating', '2026-04-05 22:11:21'),
(363, 14, 28.00, 57.00, 0, 0, 1, 'Heating', '2026-04-05 22:11:26'),
(364, 14, 28.00, 57.00, 0, 0, 1, 'Heating', '2026-04-05 22:11:31'),
(365, 14, 28.00, 57.00, 0, 0, 1, 'Heating', '2026-04-05 22:11:36'),
(366, 14, 28.00, 57.00, 0, 0, 1, 'Heating', '2026-04-05 22:11:41'),
(367, 14, 28.00, 57.00, 0, 0, 1, 'Heating', '2026-04-05 22:11:46'),
(368, 14, 28.00, 57.00, 0, 0, 1, 'Heating', '2026-04-05 22:11:51'),
(369, 14, 28.00, 57.00, 0, 0, 1, 'Heating', '2026-04-05 22:11:56'),
(370, 14, 28.00, 57.00, 0, 0, 1, 'Heating', '2026-04-05 22:12:01'),
(371, 14, 28.00, 57.00, 0, 0, 1, 'Heating', '2026-04-05 22:12:06'),
(372, 14, 28.00, 57.00, 0, 0, 1, 'Heating', '2026-04-05 22:12:11'),
(373, 14, 28.00, 57.00, 0, 0, 1, 'Heating', '2026-04-05 22:12:16'),
(374, 14, 28.00, 57.00, 0, 0, 1, 'Heating', '2026-04-05 22:12:21'),
(375, 14, 28.00, 57.00, 0, 0, 1, 'Heating', '2026-04-05 22:12:26'),
(376, 14, 28.00, 57.00, 0, 0, 1, 'Heating', '2026-04-05 22:12:31'),
(377, 14, 28.00, 57.00, 0, 0, 1, 'Heating', '2026-04-05 22:12:36'),
(378, 14, 28.00, 57.00, 0, 0, 1, 'Heating', '2026-04-05 22:12:41'),
(379, 14, 28.00, 57.00, 0, 0, 1, 'Heating', '2026-04-05 22:12:46'),
(380, 14, 28.00, 57.00, 0, 0, 1, 'Heating', '2026-04-05 22:12:51'),
(381, 14, 28.00, 57.00, 0, 0, 1, 'Heating', '2026-04-05 22:12:56'),
(382, 14, 28.00, 57.00, 0, 0, 1, 'Heating', '2026-04-05 22:13:01'),
(383, 14, 28.00, 57.00, 0, 0, 1, 'Heating', '2026-04-05 22:13:06'),
(384, 14, 28.00, 57.00, 0, 0, 1, 'Heating', '2026-04-05 22:13:11'),
(385, 14, 28.00, 57.00, 0, 0, 1, 'Heating', '2026-04-05 22:13:16'),
(386, 14, 28.00, 57.00, 0, 0, 1, 'Heating', '2026-04-05 22:13:21'),
(387, 14, 28.00, 57.00, 0, 0, 1, 'Heating', '2026-04-05 22:13:26'),
(388, 14, 28.00, 57.00, 0, 0, 1, 'Heating', '2026-04-05 22:13:31'),
(389, 14, 28.00, 57.00, 0, 0, 1, 'Heating', '2026-04-05 22:13:36'),
(390, 14, 28.00, 57.00, 0, 0, 1, 'Heating', '2026-04-05 22:13:41'),
(391, 14, 28.00, 57.00, 0, 0, 1, 'Heating', '2026-04-05 22:13:46'),
(392, 14, 28.00, 58.00, 0, 0, 1, 'Heating', '2026-04-05 22:13:51'),
(393, 14, 28.00, 58.00, 0, 0, 1, 'Heating', '2026-04-05 22:13:56'),
(394, 14, 28.00, 58.00, 0, 0, 1, 'Heating', '2026-04-05 22:14:01'),
(395, 14, 28.00, 58.00, 0, 0, 1, 'Heating', '2026-04-05 22:14:06'),
(396, 14, 28.00, 58.00, 0, 0, 1, 'Heating', '2026-04-05 22:14:11'),
(397, 14, 28.00, 58.00, 0, 0, 1, 'Heating', '2026-04-05 22:14:16'),
(398, 14, 28.00, 58.00, 0, 0, 1, 'Heating', '2026-04-05 22:14:21'),
(399, 14, 28.00, 58.00, 0, 0, 1, 'Heating', '2026-04-05 22:14:26'),
(400, 14, 28.00, 58.00, 0, 0, 1, 'Heating', '2026-04-05 22:14:31'),
(401, 14, 28.00, 58.00, 0, 0, 1, 'Heating', '2026-04-05 22:14:36'),
(402, 14, 28.00, 58.00, 0, 0, 1, 'Heating', '2026-04-05 22:14:41'),
(403, 14, 28.00, 58.00, 0, 0, 1, 'Heating', '2026-04-05 22:14:46'),
(404, 14, 28.00, 58.00, 0, 0, 1, 'Heating', '2026-04-05 22:14:51'),
(405, 14, 28.00, 58.00, 0, 0, 1, 'Heating', '2026-04-05 22:14:56'),
(406, 14, 28.00, 58.00, 0, 0, 1, 'Heating', '2026-04-05 22:15:01'),
(407, 14, 28.00, 58.00, 0, 0, 1, 'Heating', '2026-04-05 22:15:06'),
(408, 14, 28.00, 58.00, 0, 0, 1, 'Heating', '2026-04-05 22:15:11'),
(409, 14, 28.00, 58.00, 0, 0, 1, 'Heating', '2026-04-05 22:15:16'),
(410, 14, 28.00, 58.00, 0, 0, 1, 'Heating', '2026-04-05 22:15:21'),
(411, 14, 28.00, 58.00, 0, 0, 1, 'Heating', '2026-04-05 22:15:26'),
(412, 14, 28.00, 58.00, 0, 0, 1, 'Heating', '2026-04-05 22:15:31'),
(413, 14, 28.00, 58.00, 0, 0, 1, 'Heating', '2026-04-05 22:15:36'),
(414, 14, 28.00, 58.00, 0, 0, 1, 'Heating', '2026-04-05 22:15:41'),
(415, 14, 28.00, 58.00, 0, 0, 1, 'Heating', '2026-04-05 22:15:46'),
(416, 14, 28.00, 58.00, 0, 0, 1, 'Heating', '2026-04-05 22:15:51'),
(417, 14, 28.00, 58.00, 0, 0, 1, 'Heating', '2026-04-05 22:15:56'),
(418, 14, 28.00, 58.00, 0, 0, 1, 'Heating', '2026-04-05 22:16:01'),
(419, 14, 28.00, 58.00, 0, 0, 1, 'Heating', '2026-04-05 22:16:06'),
(420, 14, 28.00, 58.00, 0, 0, 1, 'Heating', '2026-04-05 22:16:11'),
(421, 14, 28.00, 58.00, 0, 0, 1, 'Heating', '2026-04-05 22:16:16'),
(422, 14, 28.00, 58.00, 0, 0, 1, 'Heating', '2026-04-05 22:16:21'),
(423, 14, 28.00, 58.00, 0, 0, 1, 'Heating', '2026-04-05 22:16:26'),
(424, 14, 28.00, 58.00, 0, 0, 1, 'Heating', '2026-04-05 22:16:31'),
(425, 14, 28.00, 58.00, 0, 0, 1, 'Heating', '2026-04-05 22:16:36'),
(426, 14, 28.00, 58.00, 0, 0, 1, 'Heating', '2026-04-05 22:16:41'),
(427, 14, 28.00, 58.00, 0, 0, 1, 'Heating', '2026-04-05 22:16:46'),
(428, 14, 28.00, 58.00, 0, 0, 1, 'Heating', '2026-04-05 22:16:51'),
(429, 14, 28.00, 58.00, 0, 0, 1, 'Heating', '2026-04-05 22:16:56'),
(430, 14, 28.00, 58.00, 0, 0, 1, 'Heating', '2026-04-05 22:17:01'),
(431, 14, 28.00, 58.00, 0, 0, 1, 'Heating', '2026-04-05 22:17:06'),
(432, 14, 28.00, 58.00, 0, 0, 1, 'Heating', '2026-04-05 22:17:13'),
(433, 14, 28.00, 58.00, 0, 0, 1, 'Heating', '2026-04-05 22:17:16'),
(434, 14, 28.00, 58.00, 0, 0, 1, 'Heating', '2026-04-05 22:17:21'),
(435, 14, 28.00, 58.00, 0, 0, 1, 'Heating', '2026-04-05 22:17:26'),
(436, 14, 28.00, 58.00, 0, 0, 1, 'Heating', '2026-04-05 22:17:31'),
(437, 14, 28.00, 58.00, 0, 0, 1, 'Heating', '2026-04-05 22:17:36'),
(438, 14, 28.00, 58.00, 0, 0, 1, 'Heating', '2026-04-05 22:17:41'),
(439, 14, 28.00, 58.00, 0, 0, 1, 'Heating', '2026-04-05 22:17:46'),
(440, 14, 28.00, 58.00, 0, 0, 1, 'Heating', '2026-04-05 22:17:51'),
(441, 14, 28.00, 58.00, 0, 0, 1, 'Heating', '2026-04-05 22:17:56'),
(442, 14, 28.00, 58.00, 0, 0, 1, 'Heating', '2026-04-05 22:18:01'),
(443, 14, 28.00, 58.00, 0, 0, 1, 'Heating', '2026-04-05 22:18:06'),
(444, 14, 28.00, 58.00, 0, 0, 1, 'Heating', '2026-04-05 22:18:11'),
(445, 14, 28.00, 58.00, 0, 0, 1, 'Heating', '2026-04-05 22:18:16'),
(446, 14, 28.00, 58.00, 0, 0, 1, 'Heating', '2026-04-05 22:18:21'),
(447, 14, 28.00, 58.00, 0, 0, 1, 'Heating', '2026-04-05 22:18:26'),
(448, 14, 28.00, 58.00, 0, 0, 1, 'Heating', '2026-04-05 22:18:31'),
(449, 14, 28.00, 58.00, 0, 0, 1, 'Heating', '2026-04-05 22:18:36'),
(450, 14, 28.00, 58.00, 0, 0, 1, 'Heating', '2026-04-05 22:18:41'),
(451, 14, 28.00, 58.00, 0, 0, 1, 'Heating', '2026-04-05 22:18:46'),
(452, 14, 28.00, 58.00, 0, 0, 1, 'Heating', '2026-04-05 22:18:51'),
(453, 14, 28.00, 58.00, 0, 0, 1, 'Heating', '2026-04-05 22:18:56'),
(454, 14, 28.00, 58.00, 0, 0, 1, 'Heating', '2026-04-05 22:19:01'),
(455, 14, 28.00, 58.00, 0, 0, 1, 'Heating', '2026-04-05 22:19:06'),
(456, 14, 28.00, 58.00, 0, 0, 1, 'Heating', '2026-04-05 22:19:11'),
(457, 14, 28.00, 58.00, 0, 0, 1, 'Heating', '2026-04-05 22:19:16'),
(458, 14, 28.00, 58.00, 0, 0, 1, 'Heating', '2026-04-05 22:19:21'),
(459, 14, 28.00, 58.00, 0, 0, 1, 'Heating', '2026-04-05 22:19:26'),
(460, 14, 28.00, 58.00, 0, 0, 1, 'Heating', '2026-04-05 22:19:31'),
(461, 14, 28.00, 58.00, 0, 0, 1, 'Heating', '2026-04-05 22:19:36'),
(462, 14, 28.00, 58.00, 0, 0, 1, 'Heating', '2026-04-05 22:19:41'),
(463, 14, 28.00, 58.00, 0, 0, 1, 'Heating', '2026-04-05 22:19:46'),
(464, 14, 28.00, 58.00, 0, 0, 1, 'Heating', '2026-04-05 22:19:51'),
(465, 14, 28.00, 58.00, 0, 0, 1, 'Heating', '2026-04-05 22:19:56'),
(466, 14, 28.00, 58.00, 0, 0, 1, 'Heating', '2026-04-05 22:20:01'),
(467, 14, 28.00, 58.00, 0, 0, 1, 'Heating', '2026-04-05 22:20:06'),
(468, 14, 28.00, 58.00, 0, 0, 1, 'Heating', '2026-04-05 22:20:11'),
(469, 14, 28.00, 58.00, 0, 0, 1, 'Heating', '2026-04-05 22:20:16'),
(470, 14, 28.00, 58.00, 0, 0, 1, 'Heating', '2026-04-05 22:20:21'),
(471, 14, 28.00, 58.00, 0, 0, 1, 'Heating', '2026-04-05 22:20:26'),
(472, 14, 28.00, 58.00, 0, 0, 1, 'Heating', '2026-04-05 22:20:31'),
(473, 14, 28.00, 58.00, 0, 0, 1, 'Heating', '2026-04-05 22:20:36'),
(474, 14, 28.00, 58.00, 0, 0, 1, 'Heating', '2026-04-05 22:20:41'),
(475, 14, 28.00, 58.00, 0, 0, 1, 'Heating', '2026-04-05 22:20:46'),
(476, 14, 28.00, 58.00, 0, 0, 1, 'Heating', '2026-04-05 22:20:51'),
(477, 14, 28.00, 58.00, 0, 0, 1, 'Heating', '2026-04-05 22:20:56'),
(478, 14, 28.00, 58.00, 0, 0, 1, 'Heating', '2026-04-05 22:21:01'),
(479, 14, 28.00, 58.00, 0, 0, 1, 'Heating', '2026-04-05 22:21:06'),
(480, 14, 28.00, 58.00, 0, 0, 1, 'Heating', '2026-04-05 22:21:11'),
(481, 14, 28.00, 58.00, 0, 0, 1, 'Heating', '2026-04-05 22:21:16'),
(482, 14, 28.00, 57.00, 0, 0, 1, 'Heating', '2026-04-05 22:21:21'),
(483, 14, 28.00, 57.00, 0, 0, 1, 'Heating', '2026-04-05 22:21:26'),
(484, 14, 28.00, 57.00, 0, 0, 1, 'Heating', '2026-04-05 22:21:31'),
(485, 14, 28.00, 57.00, 0, 0, 1, 'Heating', '2026-04-05 22:21:36'),
(486, 14, 28.00, 58.00, 0, 0, 1, 'Heating', '2026-04-05 22:21:41'),
(487, 14, 28.00, 58.00, 0, 0, 1, 'Heating', '2026-04-05 22:21:46'),
(488, 14, 28.00, 58.00, 0, 0, 1, 'Heating', '2026-04-05 22:21:51'),
(489, 14, 28.00, 58.00, 0, 0, 1, 'Heating', '2026-04-05 22:21:56'),
(490, 14, 28.00, 58.00, 0, 0, 1, 'Heating', '2026-04-05 22:22:01'),
(491, 14, 28.00, 57.00, 0, 0, 1, 'Heating', '2026-04-05 22:22:06'),
(492, 14, 27.90, 57.00, 0, 0, 1, 'Heating', '2026-04-05 22:22:11'),
(493, 14, 27.90, 57.00, 0, 0, 1, 'Heating', '2026-04-05 22:22:16'),
(494, 14, 27.90, 57.00, 0, 0, 1, 'Heating', '2026-04-05 22:22:21'),
(495, 14, 27.90, 57.00, 0, 0, 1, 'Heating', '2026-04-05 22:22:26'),
(496, 14, 27.90, 57.00, 0, 0, 1, 'Heating', '2026-04-05 22:22:31'),
(497, 14, 27.90, 57.00, 0, 0, 1, 'Heating', '2026-04-05 22:22:36'),
(498, 14, 27.90, 57.00, 0, 0, 1, 'Heating', '2026-04-05 22:22:41'),
(499, 14, 27.90, 57.00, 0, 0, 1, 'Heating', '2026-04-05 22:22:46'),
(500, 14, 27.90, 57.00, 0, 0, 1, 'Heating', '2026-04-05 22:22:51'),
(501, 14, 27.90, 58.00, 0, 0, 1, 'Heating', '2026-04-05 22:22:56'),
(502, 14, 27.90, 58.00, 0, 0, 1, 'Heating', '2026-04-05 22:23:01'),
(503, 14, 27.90, 58.00, 0, 0, 1, 'Heating', '2026-04-05 22:23:06'),
(504, 14, 27.90, 58.00, 0, 0, 1, 'Heating', '2026-04-05 22:23:11'),
(505, 14, 27.90, 58.00, 0, 0, 1, 'Heating', '2026-04-05 22:23:16'),
(506, 14, 27.90, 58.00, 0, 0, 1, 'Heating', '2026-04-05 22:23:21'),
(507, 14, 27.90, 58.00, 0, 0, 1, 'Heating', '2026-04-05 22:23:26'),
(508, 14, 27.90, 58.00, 0, 0, 1, 'Heating', '2026-04-05 22:23:31'),
(509, 14, 27.90, 58.00, 0, 0, 1, 'Heating', '2026-04-05 22:23:36'),
(510, 14, 27.90, 58.00, 0, 0, 1, 'Heating', '2026-04-05 22:23:41'),
(511, 14, 27.90, 58.00, 0, 0, 1, 'Heating', '2026-04-05 22:23:46'),
(512, 14, 27.90, 58.00, 0, 0, 1, 'Heating', '2026-04-05 22:23:51'),
(513, 14, 27.90, 58.00, 0, 0, 1, 'Heating', '2026-04-05 22:23:56'),
(514, 14, 27.90, 58.00, 0, 0, 1, 'Heating', '2026-04-05 22:24:01'),
(515, 14, 27.90, 58.00, 0, 0, 1, 'Heating', '2026-04-05 22:24:06'),
(516, 14, 27.90, 58.00, 0, 0, 1, 'Heating', '2026-04-05 22:24:11'),
(517, 14, 27.90, 58.00, 0, 0, 1, 'Heating', '2026-04-05 22:24:16'),
(518, 14, 27.90, 58.00, 0, 0, 1, 'Heating', '2026-04-05 22:24:21'),
(519, 14, 27.90, 58.00, 0, 0, 1, 'Heating', '2026-04-05 22:24:26'),
(520, 14, 27.90, 58.00, 0, 0, 1, 'Heating', '2026-04-05 22:24:31'),
(521, 14, 27.90, 58.00, 0, 0, 1, 'Heating', '2026-04-05 22:24:36'),
(522, 14, 27.90, 58.00, 0, 0, 1, 'Heating', '2026-04-05 22:24:41'),
(523, 14, 27.90, 58.00, 0, 0, 1, 'Heating', '2026-04-05 22:24:46'),
(524, 14, 27.90, 58.00, 0, 0, 1, 'Heating', '2026-04-05 22:24:51'),
(525, 14, 27.90, 58.00, 0, 0, 1, 'Heating', '2026-04-05 22:24:56'),
(526, 14, 27.90, 58.00, 0, 0, 1, 'Heating', '2026-04-05 22:25:01'),
(527, 14, 27.90, 58.00, 0, 0, 1, 'Heating', '2026-04-05 22:25:06'),
(528, 14, 27.90, 58.00, 0, 0, 1, 'Heating', '2026-04-05 22:25:11'),
(529, 14, 27.90, 58.00, 0, 0, 1, 'Heating', '2026-04-05 22:25:16'),
(530, 14, 27.90, 58.00, 0, 0, 1, 'Heating', '2026-04-05 22:25:21'),
(531, 14, 27.90, 58.00, 0, 0, 1, 'Heating', '2026-04-05 22:25:26'),
(532, 14, 27.90, 58.00, 0, 0, 1, 'Heating', '2026-04-05 22:25:31'),
(533, 14, 27.90, 58.00, 0, 0, 1, 'Heating', '2026-04-05 22:25:36'),
(534, 14, 27.90, 58.00, 0, 0, 1, 'Heating', '2026-04-05 22:25:41'),
(535, 14, 27.90, 58.00, 0, 0, 1, 'Heating', '2026-04-05 22:25:46'),
(536, 14, 27.90, 58.00, 0, 0, 1, 'Heating', '2026-04-05 22:25:51'),
(537, 14, 27.90, 58.00, 0, 0, 1, 'Heating', '2026-04-05 22:25:56'),
(538, 14, 28.00, 58.00, 0, 0, 1, 'Heating', '2026-04-05 22:26:01'),
(539, 14, 28.00, 58.00, 0, 0, 1, 'Heating', '2026-04-05 22:26:06'),
(540, 14, 28.00, 58.00, 0, 0, 1, 'Heating', '2026-04-05 22:26:11'),
(541, 14, 28.00, 58.00, 0, 0, 1, 'Heating', '2026-04-05 22:26:16'),
(542, 14, 28.00, 59.00, 0, 0, 1, 'Heating', '2026-04-05 22:26:21'),
(543, 14, 28.00, 58.00, 0, 0, 1, 'Heating', '2026-04-05 22:26:26'),
(544, 14, 28.00, 59.00, 0, 0, 1, 'Heating', '2026-04-05 22:26:31'),
(545, 14, 28.00, 58.00, 0, 0, 1, 'Heating', '2026-04-05 22:26:36'),
(546, 14, 28.00, 58.00, 0, 0, 1, 'Heating', '2026-04-05 22:26:41'),
(547, 14, 28.00, 58.00, 0, 0, 1, 'Heating', '2026-04-05 22:26:46'),
(548, 14, 28.00, 58.00, 0, 0, 1, 'Heating', '2026-04-05 22:26:51'),
(549, 14, 28.00, 58.00, 0, 0, 1, 'Heating', '2026-04-05 22:26:56'),
(550, 14, 28.00, 58.00, 0, 0, 1, 'Heating', '2026-04-05 22:27:01'),
(551, 14, 28.00, 58.00, 0, 0, 1, 'Heating', '2026-04-05 22:27:06'),
(552, 14, 28.00, 59.00, 0, 0, 1, 'Heating', '2026-04-05 22:27:11'),
(553, 14, 28.00, 58.00, 0, 0, 1, 'Heating', '2026-04-05 22:27:16'),
(554, 14, 28.00, 58.00, 0, 0, 1, 'Heating', '2026-04-05 22:27:21'),
(555, 14, 28.00, 58.00, 0, 0, 1, 'Heating', '2026-04-05 22:27:26'),
(556, 14, 28.00, 58.00, 0, 0, 1, 'Heating', '2026-04-05 22:27:31'),
(557, 14, 28.00, 58.00, 0, 0, 1, 'Heating', '2026-04-05 22:27:36'),
(558, 14, 28.00, 58.00, 0, 0, 1, 'Heating', '2026-04-05 22:27:41'),
(559, 14, 28.00, 58.00, 0, 0, 1, 'Heating', '2026-04-05 22:27:46'),
(560, 14, 28.00, 58.00, 0, 0, 1, 'Heating', '2026-04-05 22:27:51'),
(561, 14, 28.00, 58.00, 0, 0, 1, 'Heating', '2026-04-05 22:27:56'),
(562, 14, 28.00, 58.00, 0, 0, 1, 'Heating', '2026-04-05 22:28:01'),
(563, 14, 28.00, 58.00, 0, 0, 1, 'Heating', '2026-04-05 22:28:06'),
(564, 14, 28.00, 58.00, 0, 0, 1, 'Heating', '2026-04-05 22:28:11'),
(565, 14, 28.00, 58.00, 0, 0, 1, 'Heating', '2026-04-05 22:28:16'),
(566, 14, 28.00, 58.00, 0, 0, 1, 'Heating', '2026-04-05 22:28:21'),
(567, 14, 28.00, 58.00, 0, 0, 1, 'Heating', '2026-04-05 22:28:26'),
(568, 14, 28.00, 58.00, 0, 0, 1, 'Heating', '2026-04-05 22:28:31'),
(569, 14, 28.00, 58.00, 0, 0, 1, 'Heating', '2026-04-05 22:28:36'),
(570, 14, 28.00, 58.00, 0, 0, 1, 'Heating', '2026-04-05 22:28:41'),
(571, 14, 28.00, 58.00, 0, 0, 1, 'Heating', '2026-04-05 22:28:46'),
(572, 14, 28.00, 58.00, 0, 0, 1, 'Heating', '2026-04-05 22:28:51'),
(573, 14, 28.00, 58.00, 0, 0, 1, 'Heating', '2026-04-05 22:28:56'),
(574, 14, 28.00, 58.00, 0, 0, 1, 'Heating', '2026-04-05 22:29:01'),
(575, 14, 28.00, 58.00, 0, 0, 1, 'Heating', '2026-04-05 22:29:06'),
(576, 14, 28.00, 58.00, 0, 0, 1, 'Heating', '2026-04-05 22:29:11'),
(577, 14, 28.00, 58.00, 0, 0, 1, 'Heating', '2026-04-05 22:29:16'),
(578, 14, 28.00, 58.00, 0, 0, 1, 'Heating', '2026-04-05 22:29:21'),
(579, 14, 28.00, 58.00, 0, 0, 1, 'Heating', '2026-04-05 22:29:26'),
(580, 14, 28.00, 58.00, 0, 0, 1, 'Heating', '2026-04-05 22:29:31'),
(581, 14, 28.00, 58.00, 0, 0, 1, 'Heating', '2026-04-05 22:29:36'),
(582, 14, 28.00, 58.00, 0, 0, 1, 'Heating', '2026-04-05 22:29:41'),
(583, 14, 28.00, 58.00, 0, 0, 1, 'Heating', '2026-04-05 22:29:46'),
(584, 14, 28.00, 58.00, 0, 0, 1, 'Heating', '2026-04-05 22:29:51'),
(585, 14, 28.00, 58.00, 0, 0, 1, 'Heating', '2026-04-05 22:29:56'),
(586, 14, 28.00, 58.00, 0, 0, 1, 'Heating', '2026-04-05 22:30:01'),
(587, 14, 28.00, 58.00, 0, 0, 1, 'Heating', '2026-04-05 22:30:06'),
(588, 14, 28.00, 58.00, 0, 0, 1, 'Heating', '2026-04-05 22:30:11'),
(589, 14, 28.00, 58.00, 0, 0, 1, 'Heating', '2026-04-05 22:30:16'),
(590, 14, 28.00, 58.00, 0, 0, 1, 'Heating', '2026-04-05 22:30:21'),
(591, 14, 28.00, 58.00, 0, 0, 1, 'Heating', '2026-04-05 22:30:26'),
(592, 14, 28.00, 58.00, 0, 0, 1, 'Heating', '2026-04-05 22:30:31'),
(593, 14, 28.00, 58.00, 0, 0, 1, 'Heating', '2026-04-05 22:30:36'),
(594, 14, 28.00, 58.00, 0, 0, 1, 'Heating', '2026-04-05 22:30:41'),
(595, 14, 28.00, 58.00, 0, 0, 1, 'Heating', '2026-04-05 22:30:46'),
(596, 14, 28.00, 58.00, 0, 0, 1, 'Heating', '2026-04-05 22:30:51'),
(597, 15, 28.00, 58.00, 0, 0, 1, 'Heating', '2026-04-05 22:30:56'),
(598, 15, 28.00, 58.00, 0, 0, 1, 'Heating', '2026-04-05 22:31:01'),
(599, 16, 28.00, 58.00, 0, 0, 1, 'Heating', '2026-04-05 22:31:06'),
(600, 16, 28.00, 58.00, 0, 0, 1, 'Heating', '2026-04-05 22:31:11'),
(601, 16, 28.00, 58.00, 0, 0, 1, 'Heating', '2026-04-05 22:31:16'),
(602, 16, 28.00, 58.00, 0, 0, 1, 'Heating', '2026-04-05 22:31:21'),
(603, 17, 28.00, 58.00, 0, 0, 1, 'Heating', '2026-04-05 22:31:26'),
(604, 17, 28.00, 58.00, 0, 0, 1, 'Heating', '2026-04-05 22:31:31'),
(605, 17, 28.00, 58.00, 0, 0, 1, 'Heating', '2026-04-05 22:31:36'),
(606, 17, 28.00, 58.00, 0, 0, 1, 'Heating', '2026-04-05 22:31:41'),
(607, 17, 28.00, 58.00, 0, 0, 1, 'Heating', '2026-04-05 22:31:46'),
(608, 17, 28.00, 58.00, 0, 0, 1, 'Heating', '2026-04-05 22:31:51'),
(609, 17, 28.00, 58.00, 0, 0, 1, 'Heating', '2026-04-05 22:31:56'),
(610, 17, 28.00, 58.00, 0, 0, 1, 'Heating', '2026-04-05 22:32:01'),
(611, 17, 28.00, 58.00, 0, 0, 1, 'Heating', '2026-04-05 22:32:06'),
(612, 17, 28.00, 58.00, 0, 0, 1, 'Heating', '2026-04-05 22:32:11'),
(613, 17, 28.00, 58.00, 0, 0, 1, 'Heating', '2026-04-05 22:32:16'),
(614, 17, 28.00, 58.00, 0, 0, 1, 'Heating', '2026-04-05 22:32:21'),
(615, 17, 28.00, 58.00, 0, 0, 1, 'Heating', '2026-04-05 22:32:26'),
(616, 17, 28.00, 58.00, 0, 0, 1, 'Heating', '2026-04-05 22:32:31'),
(617, 17, 28.00, 58.00, 0, 0, 1, 'Heating', '2026-04-05 22:32:36'),
(618, 17, 28.00, 58.00, 0, 0, 1, 'Heating', '2026-04-05 22:32:41'),
(619, 17, 28.00, 58.00, 0, 0, 1, 'Heating', '2026-04-05 22:32:46'),
(620, 17, 28.00, 58.00, 0, 0, 1, 'Heating', '2026-04-05 22:32:51'),
(621, 17, 28.00, 58.00, 0, 0, 1, 'Heating', '2026-04-05 22:32:56'),
(622, 17, 28.00, 58.00, 0, 0, 1, 'Heating', '2026-04-05 22:33:01'),
(623, 17, 28.00, 58.00, 0, 0, 1, 'Heating', '2026-04-05 22:33:06'),
(624, 17, 28.00, 58.00, 0, 0, 1, 'Heating', '2026-04-05 22:33:11'),
(625, 18, 28.00, 58.00, 0, 0, 1, 'Heating', '2026-04-05 22:35:21'),
(626, 19, 28.00, 58.00, 0, 0, 1, 'Heating', '2026-04-05 22:35:31'),
(627, 20, 28.00, 58.00, 0, 0, 1, 'Heating', '2026-04-05 22:35:41'),
(628, 20, 28.00, 58.00, 0, 0, 1, 'Heating', '2026-04-05 22:35:46'),
(629, 21, 27.90, 58.00, 0, 0, 1, 'Heating', '2026-04-05 22:37:41'),
(630, 21, 27.90, 58.00, 0, 0, 1, 'Heating', '2026-04-05 22:37:46'),
(631, 22, 27.90, 57.00, 0, 0, 1, 'Heating', '2026-04-05 22:38:01'),
(632, 22, 27.90, 57.00, 0, 0, 1, 'Heating', '2026-04-05 22:38:06'),
(633, 22, 27.90, 58.00, 0, 0, 1, 'Heating', '2026-04-05 22:38:11'),
(634, 23, 27.80, 58.00, 0, 0, 1, 'Heating', '2026-04-05 22:40:11'),
(635, 23, 27.80, 58.00, 0, 0, 1, 'Heating', '2026-04-05 22:40:16'),
(636, 24, 27.70, 58.00, 0, 0, 1, 'Heating', '2026-04-05 22:43:41'),
(637, 24, 27.70, 58.00, 0, 0, 1, 'Heating', '2026-04-05 22:43:46'),
(638, 24, 27.70, 58.00, 0, 0, 1, 'Heating', '2026-04-05 22:43:51'),
(639, 24, 27.70, 59.00, 0, 0, 1, 'Heating', '2026-04-05 22:43:56'),
(640, 24, 27.70, 59.00, 0, 0, 1, 'Heating', '2026-04-05 22:44:01'),
(641, 25, 27.50, 60.00, 0, 0, 1, 'Heating', '2026-04-05 22:58:36'),
(642, 25, 27.50, 60.00, 0, 0, 1, 'Heating', '2026-04-05 22:58:41'),
(643, 25, 27.50, 60.00, 0, 0, 1, 'Heating', '2026-04-05 22:58:46'),
(644, 25, 27.50, 60.00, 0, 0, 1, 'Heating', '2026-04-05 22:58:51'),
(645, 25, 27.50, 60.00, 0, 0, 1, 'Heating', '2026-04-05 22:58:56'),
(646, 25, 27.50, 60.00, 0, 0, 1, 'Heating', '2026-04-05 22:59:01'),
(647, 25, 27.50, 60.00, 0, 0, 1, 'Heating', '2026-04-05 22:59:06'),
(648, 25, 27.50, 60.00, 0, 0, 1, 'Heating', '2026-04-05 22:59:11'),
(649, 25, 27.50, 60.00, 0, 0, 1, 'Heating', '2026-04-05 22:59:16'),
(650, 25, 27.50, 60.00, 0, 0, 1, 'Heating', '2026-04-05 22:59:21'),
(651, 25, 27.50, 60.00, 0, 0, 1, 'Heating', '2026-04-05 22:59:52'),
(652, 25, 27.50, 60.00, 0, 0, 1, 'Heating', '2026-04-05 22:59:55'),
(653, 25, 27.50, 60.00, 0, 0, 1, 'Heating', '2026-04-05 22:59:58'),
(654, 25, 27.50, 60.00, 0, 0, 1, 'Heating', '2026-04-05 23:00:01'),
(655, 25, 27.50, 60.00, 0, 0, 1, 'Heating', '2026-04-05 23:00:04'),
(656, 25, 27.50, 60.00, 0, 0, 1, 'Heating', '2026-04-05 23:00:07'),
(657, 25, 27.50, 60.00, 0, 0, 1, 'Heating', '2026-04-05 23:00:10'),
(658, 25, 27.50, 60.00, 0, 0, 1, 'Heating', '2026-04-05 23:00:13'),
(659, 25, 27.50, 60.00, 0, 0, 1, 'Heating', '2026-04-05 23:00:16'),
(660, 25, 27.50, 60.00, 0, 0, 1, 'Heating', '2026-04-05 23:00:19'),
(661, 25, 27.50, 60.00, 0, 0, 1, 'Heating', '2026-04-05 23:00:22'),
(662, 25, 27.50, 60.00, 0, 0, 1, 'Heating', '2026-04-05 23:00:25'),
(663, 25, 27.50, 60.00, 0, 0, 1, 'Heating', '2026-04-05 23:00:28'),
(664, 25, 27.50, 60.00, 0, 0, 1, 'Heating', '2026-04-05 23:00:31'),
(665, 25, 27.50, 60.00, 0, 0, 1, 'Heating', '2026-04-05 23:00:34'),
(666, 25, 27.50, 60.00, 0, 0, 1, 'Heating', '2026-04-05 23:00:37'),
(667, 25, 27.50, 60.00, 0, 0, 1, 'Heating', '2026-04-05 23:00:40'),
(668, 25, 27.50, 60.00, 0, 0, 1, 'Heating', '2026-04-05 23:00:43'),
(669, 25, 27.50, 60.00, 0, 0, 1, 'Heating', '2026-04-05 23:00:46'),
(670, 25, 27.50, 60.00, 0, 0, 1, 'Heating', '2026-04-05 23:00:49'),
(671, 25, 27.50, 60.00, 0, 0, 1, 'Heating', '2026-04-05 23:00:52'),
(672, 25, 27.50, 60.00, 0, 0, 1, 'Heating', '2026-04-05 23:00:55'),
(673, 25, 27.50, 60.00, 0, 0, 1, 'Heating', '2026-04-05 23:00:58'),
(674, 25, 27.50, 60.00, 0, 0, 1, 'Heating', '2026-04-05 23:01:01'),
(675, 25, 27.50, 60.00, 0, 0, 1, 'Heating', '2026-04-05 23:01:04'),
(676, 25, 27.50, 60.00, 0, 0, 1, 'Heating', '2026-04-05 23:01:07'),
(677, 25, 27.50, 60.00, 0, 0, 1, 'Heating', '2026-04-05 23:01:10'),
(678, 25, 27.50, 60.00, 0, 0, 1, 'Heating', '2026-04-05 23:01:13'),
(679, 25, 27.40, 60.00, 0, 0, 1, 'Heating', '2026-04-05 23:01:16'),
(680, 25, 27.40, 61.00, 0, 0, 1, 'Heating', '2026-04-05 23:01:19'),
(681, 25, 27.40, 61.00, 0, 0, 1, 'Heating', '2026-04-05 23:01:22'),
(682, 25, 27.40, 60.00, 0, 0, 1, 'Heating', '2026-04-05 23:01:25'),
(683, 25, 27.40, 61.00, 0, 0, 1, 'Heating', '2026-04-05 23:01:28'),
(684, 25, 27.40, 61.00, 0, 0, 1, 'Heating', '2026-04-05 23:01:31'),
(685, 25, 27.40, 60.00, 0, 0, 1, 'Heating', '2026-04-05 23:01:34'),
(686, 25, 27.40, 60.00, 0, 0, 1, 'Heating', '2026-04-05 23:01:37'),
(687, 25, 27.40, 60.00, 0, 0, 1, 'Heating', '2026-04-05 23:01:40'),
(688, 25, 27.40, 60.00, 0, 0, 1, 'Heating', '2026-04-05 23:01:43'),
(689, 25, 27.40, 60.00, 0, 0, 1, 'Heating', '2026-04-05 23:01:46'),
(690, 25, 27.40, 61.00, 0, 0, 1, 'Heating', '2026-04-05 23:01:49'),
(691, 26, 27.30, 62.00, 0, 0, 1, 'Heating', '2026-04-05 23:04:37'),
(692, 26, 27.30, 62.00, 0, 0, 1, 'Heating', '2026-04-05 23:04:40'),
(693, 26, 27.30, 62.00, 0, 0, 1, 'Heating', '2026-04-05 23:04:43'),
(694, 26, 27.30, 62.00, 0, 0, 1, 'Heating', '2026-04-05 23:04:46'),
(695, 26, 27.30, 62.00, 0, 0, 1, 'Heating', '2026-04-05 23:04:49'),
(696, 26, 28.10, 86.00, 0, 0, 1, 'Heating', '2026-04-05 23:04:52'),
(697, 26, 28.40, 95.00, 0, 0, 1, 'Heating', '2026-04-05 23:04:55'),
(698, 26, 29.00, 95.00, 0, 0, 1, 'Heating', '2026-04-05 23:04:58'),
(699, 26, 29.50, 95.00, 0, 0, 1, '', '2026-04-05 23:05:01'),
(700, 26, 30.00, 95.00, 0, 0, 1, '', '2026-04-05 23:05:04'),
(701, 26, 30.10, 95.00, 0, 0, 0, 'Cooldown', '2026-04-05 23:05:07'),
(702, 26, 30.10, 95.00, 0, 0, 1, '', '2026-04-05 23:05:07'),
(703, 26, 30.40, 95.00, 0, 0, 0, 'Cooldown', '2026-04-05 23:05:10'),
(704, 26, 30.40, 95.00, 0, 0, 1, '', '2026-04-05 23:05:10'),
(705, 26, 30.50, 95.00, 0, 0, 0, 'Cooldown', '2026-04-05 23:05:13'),
(706, 26, 30.50, 95.00, 0, 0, 1, '', '2026-04-05 23:05:14'),
(707, 26, 30.60, 95.00, 0, 0, 0, 'Cooldown', '2026-04-05 23:05:16'),
(708, 26, 30.60, 95.00, 0, 0, 1, '', '2026-04-05 23:05:16'),
(709, 26, 30.70, 95.00, 0, 0, 0, 'Cooldown', '2026-04-05 23:05:19'),
(710, 26, 30.70, 95.00, 0, 0, 1, '', '2026-04-05 23:05:19'),
(711, 26, 30.80, 95.00, 0, 0, 0, 'Cooldown', '2026-04-05 23:05:22'),
(712, 26, 30.80, 95.00, 0, 0, 1, '', '2026-04-05 23:05:22'),
(713, 26, 30.80, 95.00, 0, 0, 0, 'Cooldown', '2026-04-05 23:05:25'),
(714, 26, 30.80, 95.00, 0, 0, 1, '', '2026-04-05 23:05:25'),
(715, 26, 30.90, 95.00, 0, 0, 0, 'Cooldown', '2026-04-05 23:05:28'),
(716, 26, 30.90, 95.00, 0, 0, 1, '', '2026-04-05 23:05:28'),
(717, 26, 31.00, 95.00, 0, 0, 0, 'Cooldown', '2026-04-05 23:05:31'),
(718, 26, 31.00, 95.00, 0, 0, 1, '', '2026-04-05 23:05:31'),
(719, 26, 31.00, 95.00, 0, 0, 0, 'Cooldown', '2026-04-05 23:05:34'),
(720, 26, 31.00, 95.00, 0, 0, 1, '', '2026-04-05 23:05:34'),
(721, 26, 31.10, 95.00, 0, 0, 0, 'Cooldown', '2026-04-05 23:05:37'),
(722, 26, 31.10, 95.00, 0, 0, 1, '', '2026-04-05 23:05:37'),
(723, 26, 31.20, 95.00, 0, 0, 0, 'Cooldown', '2026-04-05 23:05:40'),
(724, 26, 31.20, 95.00, 0, 0, 1, '', '2026-04-05 23:05:40'),
(725, 26, 31.20, 95.00, 0, 0, 0, 'Cooldown', '2026-04-05 23:05:43'),
(726, 26, 31.20, 95.00, 0, 0, 1, '', '2026-04-05 23:05:43'),
(727, 26, 31.30, 95.00, 0, 0, 0, 'Cooldown', '2026-04-05 23:05:46'),
(728, 26, 31.30, 95.00, 0, 0, 1, '', '2026-04-05 23:05:46'),
(729, 26, 31.30, 95.00, 0, 0, 0, 'Cooldown', '2026-04-05 23:05:49'),
(730, 26, 31.30, 95.00, 0, 0, 1, '', '2026-04-05 23:05:49'),
(731, 26, 31.30, 95.00, 0, 0, 0, 'Cooldown', '2026-04-05 23:05:52'),
(732, 26, 31.30, 95.00, 0, 0, 1, '', '2026-04-05 23:05:52'),
(733, 26, 31.30, 95.00, 0, 0, 0, 'Cooldown', '2026-04-05 23:05:55'),
(734, 26, 31.30, 95.00, 0, 0, 1, '', '2026-04-05 23:05:55'),
(735, 26, 31.30, 95.00, 0, 0, 0, 'Cooldown', '2026-04-05 23:05:58'),
(736, 26, 31.30, 95.00, 0, 0, 1, '', '2026-04-05 23:05:58'),
(737, 26, 31.20, 95.00, 0, 0, 0, 'Cooldown', '2026-04-05 23:06:01'),
(738, 26, 31.20, 95.00, 0, 0, 1, '', '2026-04-05 23:06:01'),
(739, 26, 31.20, 95.00, 0, 0, 0, 'Cooldown', '2026-04-05 23:06:04'),
(740, 26, 31.20, 95.00, 0, 0, 1, '', '2026-04-05 23:06:04'),
(741, 26, 31.10, 95.00, 0, 0, 0, 'Cooldown', '2026-04-05 23:06:07'),
(742, 26, 31.10, 95.00, 0, 0, 1, '', '2026-04-05 23:06:07'),
(743, 26, 31.10, 95.00, 0, 0, 0, 'Cooldown', '2026-04-05 23:06:10'),
(744, 26, 31.10, 95.00, 0, 0, 1, '', '2026-04-05 23:06:10'),
(745, 26, 31.00, 95.00, 0, 0, 0, 'Cooldown', '2026-04-05 23:06:13'),
(746, 26, 31.00, 95.00, 0, 0, 1, '', '2026-04-05 23:06:13'),
(747, 26, 31.00, 95.00, 0, 0, 0, 'Cooldown', '2026-04-05 23:06:16'),
(748, 26, 31.00, 95.00, 0, 0, 1, '', '2026-04-05 23:06:19'),
(749, 26, 31.00, 95.00, 0, 0, 0, 'Cooldown', '2026-04-05 23:06:22'),
(750, 26, 31.00, 95.00, 0, 0, 1, '', '2026-04-05 23:06:22'),
(751, 26, 30.90, 95.00, 0, 0, 0, 'Cooldown', '2026-04-05 23:06:22'),
(752, 26, 30.90, 95.00, 0, 0, 1, '', '2026-04-05 23:06:22'),
(753, 26, 30.80, 95.00, 0, 0, 0, 'Cooldown', '2026-04-05 23:06:25'),
(754, 26, 30.80, 95.00, 0, 0, 1, '', '2026-04-05 23:06:25'),
(755, 26, 30.70, 95.00, 0, 0, 0, 'Cooldown', '2026-04-05 23:06:28'),
(756, 26, 30.70, 95.00, 0, 0, 1, '', '2026-04-05 23:06:28'),
(757, 26, 30.70, 95.00, 0, 0, 0, 'Cooldown', '2026-04-05 23:06:31'),
(758, 26, 30.70, 95.00, 0, 0, 1, '', '2026-04-05 23:06:32'),
(759, 26, 30.60, 95.00, 0, 0, 0, 'Cooldown', '2026-04-05 23:06:34'),
(760, 26, 30.60, 95.00, 0, 0, 1, '', '2026-04-05 23:06:34');
INSERT INTO `drying_logs` (`log_id`, `session_id`, `recorded_temp`, `recorded_humidity`, `heater_state`, `exhaust_state`, `fan_state`, `phase`, `timestamp`) VALUES
(761, 26, 30.50, 95.00, 0, 0, 0, 'Cooldown', '2026-04-05 23:06:37'),
(762, 26, 30.50, 95.00, 0, 0, 1, '', '2026-04-05 23:06:37'),
(763, 26, 30.50, 95.00, 0, 0, 0, 'Cooldown', '2026-04-05 23:06:40'),
(764, 26, 30.50, 95.00, 0, 0, 1, '', '2026-04-05 23:06:40'),
(765, 26, 30.40, 95.00, 0, 0, 0, 'Cooldown', '2026-04-05 23:06:43'),
(766, 26, 30.40, 95.00, 0, 0, 1, '', '2026-04-05 23:06:43'),
(767, 26, 30.30, 95.00, 0, 0, 0, 'Cooldown', '2026-04-05 23:06:46'),
(768, 26, 30.30, 95.00, 0, 0, 1, '', '2026-04-05 23:06:46'),
(769, 26, 30.20, 95.00, 0, 0, 0, 'Cooldown', '2026-04-05 23:06:49'),
(770, 26, 30.20, 95.00, 0, 0, 1, '', '2026-04-05 23:06:50'),
(771, 26, 30.20, 95.00, 0, 0, 0, 'Cooldown', '2026-04-05 23:06:52'),
(772, 26, 30.20, 95.00, 0, 0, 1, '', '2026-04-05 23:06:52'),
(773, 26, 30.10, 95.00, 0, 0, 0, 'Cooldown', '2026-04-05 23:06:55'),
(774, 26, 30.10, 95.00, 0, 0, 1, '', '2026-04-05 23:06:55'),
(775, 26, 30.10, 95.00, 0, 0, 0, 'Cooldown', '2026-04-05 23:06:58'),
(776, 26, 30.10, 95.00, 0, 0, 1, '', '2026-04-05 23:06:58'),
(777, 26, 30.00, 95.00, 0, 0, 0, 'Cooldown', '2026-04-05 23:07:01'),
(778, 26, 30.00, 95.00, 0, 0, 1, '', '2026-04-05 23:07:01'),
(779, 26, 30.00, 95.00, 0, 0, 0, 'Cooldown', '2026-04-05 23:07:04'),
(780, 26, 30.00, 95.00, 0, 0, 1, '', '2026-04-05 23:07:04'),
(781, 26, 30.00, 95.00, 0, 0, 0, 'Cooldown', '2026-04-05 23:07:07'),
(782, 26, 30.00, 95.00, 0, 0, 1, '', '2026-04-05 23:07:08'),
(783, 26, 29.90, 95.00, 0, 0, 0, 'Cooldown', '2026-04-05 23:07:10'),
(784, 26, 29.90, 95.00, 0, 0, 1, '', '2026-04-05 23:07:11'),
(785, 26, 29.90, 95.00, 0, 0, 0, 'Cooldown', '2026-04-05 23:07:13'),
(786, 26, 29.90, 95.00, 0, 0, 1, '', '2026-04-05 23:07:13'),
(787, 26, 29.80, 95.00, 0, 0, 0, 'Cooldown', '2026-04-05 23:07:17'),
(788, 26, 29.80, 95.00, 0, 0, 1, '', '2026-04-05 23:07:17'),
(789, 26, 29.80, 95.00, 0, 0, 0, 'Cooldown', '2026-04-05 23:07:19'),
(790, 26, 29.80, 95.00, 0, 0, 1, '', '2026-04-05 23:07:20'),
(791, 26, 29.70, 95.00, 0, 0, 0, 'Cooldown', '2026-04-05 23:07:22'),
(792, 26, 29.70, 95.00, 0, 0, 1, '', '2026-04-05 23:07:23'),
(793, 26, 29.70, 95.00, 0, 0, 0, 'Cooldown', '2026-04-05 23:07:25'),
(794, 26, 29.70, 95.00, 0, 0, 1, '', '2026-04-05 23:07:25'),
(795, 26, 29.60, 95.00, 0, 0, 0, 'Cooldown', '2026-04-05 23:07:28'),
(796, 26, 29.60, 95.00, 0, 0, 1, '', '2026-04-05 23:07:29'),
(797, 26, 29.60, 95.00, 0, 0, 0, 'Cooldown', '2026-04-05 23:07:31'),
(798, 26, 29.60, 95.00, 0, 0, 1, '', '2026-04-05 23:07:32'),
(799, 26, 29.50, 95.00, 0, 0, 0, 'Cooldown', '2026-04-05 23:07:34'),
(800, 26, 29.50, 95.00, 0, 0, 1, '', '2026-04-05 23:07:34'),
(801, 26, 29.50, 95.00, 0, 0, 0, 'Cooldown', '2026-04-05 23:07:37'),
(802, 26, 29.50, 95.00, 0, 0, 1, '', '2026-04-05 23:07:38'),
(803, 26, 29.50, 95.00, 0, 0, 0, 'Cooldown', '2026-04-05 23:07:40'),
(804, 26, 29.50, 95.00, 0, 0, 1, '', '2026-04-05 23:07:41'),
(805, 26, 29.40, 95.00, 0, 0, 0, 'Cooldown', '2026-04-05 23:07:43'),
(806, 26, 29.40, 95.00, 0, 0, 1, '', '2026-04-05 23:07:44'),
(807, 26, 29.40, 95.00, 0, 0, 0, 'Cooldown', '2026-04-05 23:07:46'),
(808, 26, 29.40, 95.00, 0, 0, 1, '', '2026-04-05 23:07:47'),
(809, 26, 29.30, 95.00, 0, 0, 0, 'Cooldown', '2026-04-05 23:07:49'),
(810, 26, 29.30, 95.00, 0, 0, 1, '', '2026-04-05 23:07:49'),
(811, 26, 29.30, 95.00, 0, 0, 0, 'Cooldown', '2026-04-05 23:07:52'),
(812, 26, 29.30, 95.00, 0, 0, 1, '', '2026-04-05 23:07:52'),
(813, 26, 29.20, 95.00, 0, 0, 0, 'Cooldown', '2026-04-05 23:07:55'),
(814, 26, 29.20, 95.00, 0, 0, 1, '', '2026-04-05 23:07:56'),
(815, 26, 29.20, 95.00, 0, 0, 0, 'Cooldown', '2026-04-05 23:07:58'),
(816, 26, 29.20, 95.00, 0, 0, 1, '', '2026-04-05 23:07:59'),
(817, 26, 29.20, 95.00, 0, 0, 0, 'Cooldown', '2026-04-05 23:08:01'),
(818, 26, 29.20, 95.00, 0, 0, 1, '', '2026-04-05 23:08:01'),
(819, 26, 29.10, 95.00, 0, 0, 0, 'Cooldown', '2026-04-05 23:08:04'),
(820, 26, 29.10, 95.00, 0, 0, 1, '', '2026-04-05 23:08:04'),
(821, 26, 29.10, 95.00, 0, 0, 0, 'Cooldown', '2026-04-05 23:08:07'),
(822, 26, 29.10, 95.00, 0, 0, 1, '', '2026-04-05 23:08:08'),
(823, 26, 29.10, 95.00, 0, 0, 0, 'Cooldown', '2026-04-05 23:08:10'),
(824, 26, 29.10, 95.00, 0, 0, 1, '', '2026-04-05 23:08:10'),
(825, 26, 29.00, 95.00, 0, 0, 0, 'Cooldown', '2026-04-05 23:08:13'),
(826, 26, 29.00, 95.00, 0, 0, 1, 'Heating', '2026-04-05 23:08:14'),
(827, 26, 29.00, 95.00, 0, 0, 0, 'Cooldown', '2026-04-05 23:08:16'),
(828, 26, 29.00, 95.00, 0, 0, 1, 'Heating', '2026-04-05 23:08:16'),
(829, 26, 29.00, 95.00, 0, 0, 0, 'Cooldown', '2026-04-05 23:08:19'),
(830, 26, 29.00, 95.00, 0, 0, 1, 'Heating', '2026-04-05 23:08:19'),
(831, 26, 29.00, 95.00, 0, 0, 0, 'Cooldown', '2026-04-05 23:08:22'),
(832, 26, 29.00, 95.00, 0, 0, 1, 'Heating', '2026-04-05 23:08:22'),
(833, 26, 29.00, 95.00, 0, 0, 0, 'Cooldown', '2026-04-05 23:08:25'),
(834, 26, 29.00, 95.00, 0, 0, 1, 'Heating', '2026-04-05 23:08:26'),
(835, 26, 29.00, 95.00, 0, 0, 0, 'Cooldown', '2026-04-05 23:08:28'),
(836, 26, 29.00, 95.00, 0, 0, 1, 'Heating', '2026-04-05 23:08:29'),
(837, 26, 29.00, 95.00, 0, 0, 0, 'Cooldown', '2026-04-05 23:08:31'),
(838, 26, 29.00, 95.00, 0, 0, 1, 'Heating', '2026-04-05 23:08:31'),
(839, 26, 28.90, 95.00, 0, 0, 0, 'Cooldown', '2026-04-05 23:08:34'),
(840, 26, 28.90, 95.00, 0, 0, 1, 'Heating', '2026-04-05 23:08:34'),
(841, 26, 28.90, 95.00, 0, 0, 0, 'Cooldown', '2026-04-05 23:08:37'),
(842, 26, 28.90, 95.00, 0, 0, 1, 'Heating', '2026-04-05 23:08:37'),
(843, 26, 28.90, 95.00, 0, 0, 0, 'Cooldown', '2026-04-05 23:08:40'),
(844, 26, 28.90, 95.00, 0, 0, 1, 'Heating', '2026-04-05 23:08:40'),
(845, 26, 28.90, 95.00, 0, 0, 0, 'Cooldown', '2026-04-05 23:08:43'),
(846, 26, 28.90, 95.00, 0, 0, 1, 'Heating', '2026-04-05 23:08:44'),
(847, 26, 28.80, 95.00, 0, 0, 0, 'Cooldown', '2026-04-05 23:08:46'),
(848, 26, 28.80, 95.00, 0, 0, 1, 'Heating', '2026-04-05 23:08:47'),
(849, 26, 28.80, 95.00, 0, 0, 0, 'Cooldown', '2026-04-05 23:08:49'),
(850, 26, 28.80, 95.00, 0, 0, 1, 'Heating', '2026-04-05 23:08:50'),
(851, 26, 28.80, 95.00, 0, 0, 0, 'Cooldown', '2026-04-05 23:08:52'),
(852, 26, 28.80, 95.00, 0, 0, 1, 'Heating', '2026-04-05 23:08:52'),
(853, 26, 28.80, 95.00, 0, 0, 0, 'Cooldown', '2026-04-05 23:08:55'),
(854, 26, 28.80, 95.00, 0, 0, 1, 'Heating', '2026-04-05 23:08:55'),
(855, 26, 28.70, 95.00, 0, 0, 0, 'Cooldown', '2026-04-05 23:08:58'),
(856, 26, 28.70, 95.00, 0, 0, 1, 'Heating', '2026-04-05 23:08:58'),
(857, 26, 28.70, 92.00, 0, 0, 0, 'Cooldown', '2026-04-05 23:09:01'),
(858, 26, 28.70, 92.00, 0, 0, 1, 'Heating', '2026-04-05 23:09:01'),
(859, 26, 28.70, 90.00, 0, 0, 0, 'Cooldown', '2026-04-05 23:09:04'),
(860, 26, 28.70, 90.00, 0, 0, 1, 'Heating', '2026-04-05 23:09:04'),
(861, 26, 28.70, 90.00, 0, 0, 0, 'Cooldown', '2026-04-05 23:09:07'),
(862, 26, 28.70, 90.00, 0, 0, 1, 'Heating', '2026-04-05 23:09:07'),
(863, 26, 28.60, 88.00, 0, 0, 0, 'Cooldown', '2026-04-05 23:09:10'),
(864, 26, 28.60, 88.00, 0, 0, 1, 'Heating', '2026-04-05 23:09:10'),
(865, 26, 28.60, 87.00, 0, 0, 0, 'Cooldown', '2026-04-05 23:09:13'),
(866, 26, 28.60, 87.00, 0, 0, 1, 'Heating', '2026-04-05 23:09:13'),
(867, 26, 28.60, 86.00, 0, 0, 0, 'Cooldown', '2026-04-05 23:09:16'),
(868, 26, 28.60, 86.00, 0, 0, 1, 'Heating', '2026-04-05 23:09:17'),
(869, 26, 28.60, 85.00, 0, 0, 0, 'Cooldown', '2026-04-05 23:09:19'),
(870, 26, 28.60, 85.00, 0, 0, 1, 'Heating', '2026-04-05 23:09:20'),
(871, 26, 28.60, 84.00, 0, 0, 0, 'Cooldown', '2026-04-05 23:09:22'),
(872, 26, 28.60, 84.00, 0, 0, 1, 'Heating', '2026-04-05 23:09:23'),
(873, 26, 28.60, 84.00, 0, 0, 0, 'Cooldown', '2026-04-05 23:09:25'),
(874, 26, 28.60, 84.00, 0, 0, 1, 'Heating', '2026-04-05 23:09:25'),
(875, 26, 28.60, 83.00, 0, 0, 0, 'Cooldown', '2026-04-05 23:09:28'),
(876, 26, 28.60, 83.00, 0, 0, 1, 'Heating', '2026-04-05 23:09:28'),
(877, 26, 28.50, 82.00, 0, 0, 0, 'Cooldown', '2026-04-05 23:09:31'),
(878, 26, 28.50, 82.00, 0, 0, 1, 'Heating', '2026-04-05 23:09:32'),
(879, 26, 14.20, 168.00, 0, 0, 0, 'Cooldown', '2026-04-05 23:09:37'),
(880, 26, 14.20, 168.00, 0, 0, 1, 'Heating', '2026-04-05 23:09:37'),
(881, 26, 28.50, 80.00, 0, 0, 0, 'Cooldown', '2026-04-05 23:09:40'),
(882, 26, 28.50, 80.00, 0, 0, 1, 'Heating', '2026-04-05 23:09:41'),
(883, 26, 28.50, 80.00, 0, 0, 0, 'Cooldown', '2026-04-05 23:09:43'),
(884, 26, 28.50, 80.00, 0, 0, 1, 'Heating', '2026-04-05 23:09:44'),
(885, 26, 28.50, 79.00, 0, 0, 0, 'Cooldown', '2026-04-05 23:09:46'),
(886, 26, 28.50, 79.00, 0, 0, 1, 'Heating', '2026-04-05 23:09:47'),
(887, 26, 28.50, 79.00, 0, 0, 0, 'Cooldown', '2026-04-05 23:09:49'),
(888, 26, 28.50, 79.00, 0, 0, 1, 'Heating', '2026-04-05 23:09:49'),
(889, 26, 28.50, 79.00, 0, 0, 0, 'Cooldown', '2026-04-05 23:09:52'),
(890, 26, 28.50, 79.00, 0, 0, 1, 'Heating', '2026-04-05 23:09:52'),
(891, 26, 28.50, 78.00, 0, 0, 0, 'Cooldown', '2026-04-05 23:09:55'),
(892, 27, 28.10, 70.00, 0, 0, 1, 'Heating', '2026-04-05 23:11:43'),
(893, 27, 28.00, 70.00, 0, 0, 1, 'Heating', '2026-04-05 23:11:46'),
(894, 28, 28.00, 70.00, 0, 0, 1, 'Heating', '2026-04-05 23:11:52'),
(895, 28, 28.00, 70.00, 0, 0, 1, 'Heating', '2026-04-05 23:11:55'),
(896, 28, 28.00, 70.00, 0, 0, 1, 'Heating', '2026-04-05 23:11:58'),
(897, 28, 28.00, 70.00, 0, 0, 1, 'Heating', '2026-04-05 23:12:01'),
(898, 28, 28.00, 69.00, 0, 0, 1, 'Heating', '2026-04-05 23:12:04'),
(899, 28, 28.00, 69.00, 0, 0, 1, 'Heating', '2026-04-05 23:12:07'),
(900, 28, 28.00, 69.00, 0, 0, 1, 'Heating', '2026-04-05 23:12:10'),
(901, 28, 28.00, 69.00, 0, 0, 1, 'Heating', '2026-04-05 23:12:13'),
(902, 28, 28.00, 69.00, 0, 0, 1, 'Heating', '2026-04-05 23:12:16'),
(903, 28, 28.00, 69.00, 0, 0, 1, 'Heating', '2026-04-05 23:12:19'),
(904, 28, 28.00, 69.00, 0, 0, 1, 'Heating', '2026-04-05 23:12:22'),
(905, 28, 28.00, 69.00, 0, 0, 1, 'Heating', '2026-04-05 23:12:25'),
(906, 28, 28.00, 69.00, 0, 0, 1, 'Heating', '2026-04-05 23:12:28'),
(907, 28, 28.00, 69.00, 0, 0, 1, 'Heating', '2026-04-05 23:12:31'),
(908, 28, 28.00, 69.00, 0, 0, 1, 'Heating', '2026-04-05 23:12:34'),
(909, 28, 28.00, 69.00, 0, 0, 1, 'Heating', '2026-04-05 23:12:37'),
(910, 28, 28.00, 69.00, 0, 0, 1, 'Heating', '2026-04-05 23:12:40'),
(911, 28, 28.00, 69.00, 0, 0, 1, 'Heating', '2026-04-05 23:12:43'),
(912, 28, 27.90, 69.00, 0, 0, 1, 'Heating', '2026-04-05 23:12:46'),
(913, 28, 27.90, 69.00, 0, 0, 1, 'Heating', '2026-04-05 23:12:49'),
(914, 28, 27.90, 69.00, 0, 0, 1, 'Heating', '2026-04-05 23:12:52'),
(915, 28, 27.90, 68.00, 0, 0, 1, 'Heating', '2026-04-05 23:12:55'),
(916, 28, 27.90, 69.00, 0, 0, 1, 'Heating', '2026-04-05 23:12:58'),
(917, 28, 27.90, 68.00, 0, 0, 1, 'Heating', '2026-04-05 23:13:01'),
(918, 28, 27.90, 69.00, 0, 0, 1, 'Heating', '2026-04-05 23:13:04'),
(919, 28, 27.90, 68.00, 0, 0, 1, 'Heating', '2026-04-05 23:13:07'),
(920, 28, 27.90, 69.00, 0, 0, 1, 'Heating', '2026-04-05 23:13:10'),
(921, 28, 27.90, 68.00, 0, 0, 1, 'Heating', '2026-04-05 23:13:13'),
(922, 28, 27.90, 69.00, 0, 0, 1, 'Heating', '2026-04-05 23:13:16'),
(923, 28, 27.90, 69.00, 0, 0, 1, 'Heating', '2026-04-05 23:13:19'),
(924, 28, 27.90, 68.00, 0, 0, 1, 'Heating', '2026-04-05 23:13:22'),
(925, 28, 27.80, 68.00, 0, 0, 1, 'Heating', '2026-04-05 23:13:25'),
(926, 28, 27.80, 69.00, 0, 0, 1, 'Heating', '2026-04-05 23:13:28'),
(927, 28, 27.80, 69.00, 0, 0, 1, 'Heating', '2026-04-05 23:13:31'),
(928, 29, 27.80, 69.00, 0, 0, 1, 'Heating', '2026-04-05 23:13:46'),
(929, 29, 27.80, 69.00, 0, 0, 1, 'Heating', '2026-04-05 23:13:49'),
(930, 30, 27.60, 68.00, 0, 0, 1, 'Heating', '2026-04-05 23:15:37'),
(931, 30, 27.60, 68.00, 0, 0, 1, 'Heating', '2026-04-05 23:15:40'),
(932, 30, 27.60, 69.00, 0, 0, 1, 'Heating', '2026-04-05 23:15:43'),
(933, 30, 27.60, 69.00, 0, 0, 1, 'Heating', '2026-04-05 23:15:46'),
(934, 30, 27.60, 69.00, 0, 0, 1, 'Heating', '2026-04-05 23:15:49'),
(935, 30, 27.60, 69.00, 0, 0, 1, 'Heating', '2026-04-05 23:15:52'),
(936, 30, 27.70, 69.00, 0, 0, 1, 'Heating', '2026-04-05 23:15:55'),
(937, 30, 27.70, 69.00, 0, 0, 1, 'Heating', '2026-04-05 23:15:58'),
(938, 30, 27.70, 69.00, 0, 0, 1, 'Heating', '2026-04-05 23:16:01'),
(939, 30, 27.70, 69.00, 0, 0, 1, 'Heating', '2026-04-05 23:16:04'),
(940, 31, 27.50, 68.00, 0, 0, 1, 'Heating', '2026-04-05 23:28:06'),
(941, 31, 27.50, 68.00, 0, 0, 1, 'Heating', '2026-04-05 23:28:09'),
(942, 32, 26.70, 73.00, 0, 0, 1, 'Heating', '2026-04-06 00:01:34'),
(943, 32, 26.70, 73.00, 0, 0, 1, 'Heating', '2026-04-06 00:01:37'),
(944, 32, 26.70, 74.00, 0, 0, 1, 'Heating', '2026-04-06 00:01:40'),
(945, 33, 26.70, 73.00, 0, 0, 1, 'Heating', '2026-04-06 00:01:49'),
(946, 33, 26.70, 73.00, 0, 0, 1, 'Heating', '2026-04-06 00:01:52'),
(947, 33, 26.70, 73.00, 0, 0, 1, 'Heating', '2026-04-06 00:01:55'),
(948, 33, 26.70, 73.00, 0, 0, 1, 'Heating', '2026-04-06 00:01:58'),
(949, 34, 26.80, 72.00, 0, 0, 1, 'Heating', '2026-04-06 00:04:31'),
(950, 34, 26.80, 72.00, 0, 0, 1, 'Heating', '2026-04-06 00:04:34'),
(951, 34, 26.80, 72.00, 0, 0, 1, 'Heating', '2026-04-06 00:04:37'),
(952, 34, 26.80, 72.00, 0, 0, 1, 'Heating', '2026-04-06 00:04:40'),
(953, 34, 26.80, 72.00, 0, 0, 1, 'Heating', '2026-04-06 00:04:43'),
(954, 35, 26.80, 72.00, 0, 0, 1, 'Heating', '2026-04-06 00:05:01'),
(955, 35, 26.80, 72.00, 0, 0, 1, 'Heating', '2026-04-06 00:05:04'),
(956, 35, 26.80, 72.00, 0, 0, 1, 'Heating', '2026-04-06 00:05:07'),
(957, 36, 26.80, 72.00, 0, 0, 1, 'Heating', '2026-04-06 00:05:31'),
(958, 36, 26.80, 72.00, 0, 0, 1, 'Heating', '2026-04-06 00:05:34'),
(959, 36, 26.80, 72.00, 0, 0, 1, 'Heating', '2026-04-06 00:05:37'),
(960, 36, 26.80, 71.00, 0, 0, 1, 'Heating', '2026-04-06 00:05:40'),
(961, 36, 26.80, 72.00, 0, 0, 1, 'Heating', '2026-04-06 00:05:43'),
(962, 36, 26.80, 71.00, 0, 0, 1, 'Heating', '2026-04-06 00:05:46'),
(963, 36, 26.80, 71.00, 0, 0, 1, 'Heating', '2026-04-06 00:05:49'),
(964, 36, 26.80, 71.00, 0, 0, 1, 'Heating', '2026-04-06 00:05:52'),
(965, 36, 26.80, 71.00, 0, 0, 1, 'Heating', '2026-04-06 00:05:55'),
(966, 36, 26.80, 71.00, 0, 0, 1, 'Heating', '2026-04-06 00:05:58'),
(967, 36, 26.80, 71.00, 0, 0, 1, 'Heating', '2026-04-06 00:06:01'),
(968, 36, 26.80, 71.00, 0, 0, 1, 'Heating', '2026-04-06 00:06:04'),
(969, 36, 26.80, 71.00, 0, 0, 1, 'Heating', '2026-04-06 00:06:07'),
(970, 36, 26.80, 71.00, 0, 0, 1, 'Heating', '2026-04-06 00:06:10'),
(971, 36, 26.80, 71.00, 0, 0, 1, 'Heating', '2026-04-06 00:06:13'),
(972, 36, 26.80, 71.00, 0, 0, 1, 'Heating', '2026-04-06 00:06:19'),
(973, 36, 26.80, 71.00, 0, 0, 1, 'Heating', '2026-04-06 00:06:19'),
(974, 36, 26.80, 71.00, 0, 0, 1, 'Heating', '2026-04-06 00:06:22'),
(975, 36, 13.40, 175.80, 0, 0, 1, 'Heating', '2026-04-06 00:06:25'),
(976, 36, 26.80, 71.00, 0, 0, 1, 'Heating', '2026-04-06 00:06:28'),
(977, 36, 26.80, 71.00, 0, 0, 1, 'Heating', '2026-04-06 00:06:31'),
(978, 36, 26.80, 70.00, 0, 0, 1, 'Heating', '2026-04-06 00:06:34'),
(979, 36, 26.80, 70.00, 0, 0, 1, 'Heating', '2026-04-06 00:06:37'),
(980, 36, 26.80, 70.00, 0, 0, 1, 'Heating', '2026-04-06 00:06:40'),
(981, 36, 26.80, 70.00, 0, 0, 1, 'Heating', '2026-04-06 00:06:43'),
(982, 36, 26.80, 70.00, 0, 0, 1, 'Heating', '2026-04-06 00:06:46'),
(983, 36, 26.80, 70.00, 0, 0, 1, 'Heating', '2026-04-06 00:06:49'),
(984, 36, 26.80, 70.00, 0, 0, 1, 'Heating', '2026-04-06 00:06:52'),
(985, 36, 26.80, 70.00, 0, 0, 1, 'Heating', '2026-04-06 00:06:55'),
(986, 36, 26.80, 70.00, 0, 0, 1, 'Heating', '2026-04-06 00:06:58'),
(987, 36, 26.90, 70.00, 0, 0, 1, 'Heating', '2026-04-06 00:07:01'),
(988, 36, 27.40, 94.00, 0, 0, 1, 'Heating', '2026-04-06 00:07:07'),
(989, 36, 30.10, 95.00, 0, 0, 1, 'Heating', '2026-04-06 00:07:07'),
(990, 36, 30.10, 95.00, 0, 0, 1, 'Heating', '2026-04-06 00:07:10'),
(991, 36, 30.70, 95.00, 0, 0, 1, 'Heating', '2026-04-06 00:07:13'),
(992, 37, 29.80, 95.00, 0, 0, 1, 'Heating', '2026-04-06 00:07:37'),
(993, 37, 30.30, 95.00, 0, 0, 1, 'Heating', '2026-04-06 00:07:40'),
(994, 37, 31.10, 95.00, 0, 0, 1, '', '2026-04-06 00:07:43'),
(995, 37, 31.40, 95.00, 0, 0, 1, '', '2026-04-06 00:07:46'),
(996, 37, 31.50, 95.00, 0, 0, 1, '', '2026-04-06 00:07:49'),
(997, 37, 31.90, 95.00, 0, 0, 1, '', '2026-04-06 00:07:52'),
(998, 37, 32.40, 95.00, 0, 0, 0, 'Cooldown', '2026-04-06 00:07:58'),
(999, 37, 32.40, 95.00, 0, 0, 1, '', '2026-04-06 00:07:58'),
(1000, 37, 32.50, 95.00, 0, 0, 0, 'Cooldown', '2026-04-06 00:08:01'),
(1001, 37, 32.50, 95.00, 0, 0, 1, '', '2026-04-06 00:08:01'),
(1002, 37, 32.70, 95.00, 0, 0, 0, 'Cooldown', '2026-04-06 00:08:04'),
(1003, 37, 32.70, 95.00, 0, 0, 1, '', '2026-04-06 00:08:04'),
(1004, 37, 32.70, 95.00, 0, 0, 0, 'Cooldown', '2026-04-06 00:08:07'),
(1005, 37, 32.70, 95.00, 0, 0, 1, '', '2026-04-06 00:08:07'),
(1006, 37, 32.70, 95.00, 0, 0, 0, 'Cooldown', '2026-04-06 00:08:10'),
(1007, 37, 32.70, 95.00, 0, 0, 1, '', '2026-04-06 00:08:10'),
(1008, 37, 32.50, 95.00, 0, 0, 0, 'Cooldown', '2026-04-06 00:08:13'),
(1009, 37, 32.50, 95.00, 0, 0, 1, '', '2026-04-06 00:08:13'),
(1010, 37, 32.40, 95.00, 0, 0, 0, 'Cooldown', '2026-04-06 00:08:16'),
(1011, 37, 32.40, 95.00, 0, 0, 1, '', '2026-04-06 00:08:16'),
(1012, 37, 32.60, 95.00, 0, 0, 0, 'Cooldown', '2026-04-06 00:08:19'),
(1013, 37, 32.60, 95.00, 0, 0, 1, '', '2026-04-06 00:08:19'),
(1014, 37, 32.40, 95.00, 0, 0, 0, 'Cooldown', '2026-04-06 00:08:22'),
(1015, 37, 32.40, 95.00, 0, 0, 1, '', '2026-04-06 00:08:22'),
(1016, 38, 31.40, 95.00, 0, 0, 1, '', '2026-04-06 00:08:34'),
(1017, 38, 31.30, 95.00, 0, 0, 0, 'Cooldown', '2026-04-06 00:08:37'),
(1018, 38, 31.30, 95.00, 0, 0, 1, '', '2026-04-06 00:08:37'),
(1019, 38, 31.20, 95.00, 0, 0, 0, 'Cooldown', '2026-04-06 00:08:40'),
(1020, 38, 31.20, 95.00, 0, 0, 1, '', '2026-04-06 00:08:40'),
(1021, 38, 31.10, 95.00, 0, 0, 0, 'Cooldown', '2026-04-06 00:08:43'),
(1022, 38, 31.10, 95.00, 0, 0, 1, '', '2026-04-06 00:08:43'),
(1023, 38, 31.00, 95.00, 0, 0, 0, 'Cooldown', '2026-04-06 00:08:46'),
(1024, 38, 31.00, 95.00, 0, 0, 1, '', '2026-04-06 00:08:46'),
(1025, 38, 30.90, 95.00, 0, 0, 0, 'Cooldown', '2026-04-06 00:08:49'),
(1026, 38, 30.90, 95.00, 0, 0, 1, '', '2026-04-06 00:08:49'),
(1027, 38, 30.80, 95.00, 0, 0, 0, 'Cooldown', '2026-04-06 00:08:52'),
(1028, 38, 30.80, 95.00, 0, 0, 1, '', '2026-04-06 00:08:52'),
(1029, 38, 30.70, 95.00, 0, 0, 0, 'Cooldown', '2026-04-06 00:08:55'),
(1030, 38, 30.70, 95.00, 0, 0, 1, '', '2026-04-06 00:08:56'),
(1031, 38, 30.60, 95.00, 0, 0, 0, 'Cooldown', '2026-04-06 00:08:58'),
(1032, 38, 30.60, 95.00, 0, 0, 1, '', '2026-04-06 00:08:58'),
(1033, 38, 30.50, 95.00, 0, 0, 0, 'Cooldown', '2026-04-06 00:09:01'),
(1034, 38, 30.50, 95.00, 0, 0, 1, '', '2026-04-06 00:09:01'),
(1035, 38, 30.40, 95.00, 0, 0, 0, 'Cooldown', '2026-04-06 00:09:04'),
(1036, 38, 30.40, 95.00, 0, 0, 1, '', '2026-04-06 00:09:04'),
(1037, 38, 30.30, 95.00, 0, 0, 0, 'Cooldown', '2026-04-06 00:09:07'),
(1038, 38, 30.30, 95.00, 0, 0, 1, '', '2026-04-06 00:09:07'),
(1039, 38, 30.20, 95.00, 0, 0, 0, 'Cooldown', '2026-04-06 00:09:10'),
(1040, 38, 30.20, 95.00, 0, 0, 1, '', '2026-04-06 00:09:10'),
(1041, 38, 30.10, 95.00, 0, 0, 0, 'Cooldown', '2026-04-06 00:09:13'),
(1042, 38, 30.10, 95.00, 0, 0, 1, '', '2026-04-06 00:09:13'),
(1043, 38, 30.00, 95.00, 0, 0, 0, 'Cooldown', '2026-04-06 00:09:16'),
(1044, 38, 30.00, 95.00, 0, 0, 1, '', '2026-04-06 00:09:16'),
(1045, 38, 30.00, 95.00, 0, 0, 0, 'Cooldown', '2026-04-06 00:09:19'),
(1046, 38, 30.00, 95.00, 0, 0, 1, '', '2026-04-06 00:09:19'),
(1047, 38, 29.90, 95.00, 0, 0, 0, 'Cooldown', '2026-04-06 00:09:22'),
(1048, 38, 29.90, 95.00, 0, 0, 1, '', '2026-04-06 00:09:22'),
(1049, 38, 29.90, 95.00, 0, 0, 0, 'Cooldown', '2026-04-06 00:09:25'),
(1050, 38, 29.90, 95.00, 0, 0, 1, '', '2026-04-06 00:09:25'),
(1051, 38, 29.80, 95.00, 0, 0, 0, 'Cooldown', '2026-04-06 00:09:28'),
(1052, 38, 29.80, 95.00, 0, 0, 1, '', '2026-04-06 00:09:28'),
(1053, 38, 29.80, 95.00, 0, 0, 0, 'Cooldown', '2026-04-06 00:09:31'),
(1054, 38, 29.80, 95.00, 0, 0, 1, '', '2026-04-06 00:09:31'),
(1055, 38, 29.70, 95.00, 0, 0, 0, 'Cooldown', '2026-04-06 00:09:34'),
(1056, 38, 29.70, 95.00, 0, 0, 1, '', '2026-04-06 00:09:34'),
(1057, 38, 29.70, 95.00, 0, 0, 0, 'Cooldown', '2026-04-06 00:09:37'),
(1058, 38, 29.70, 95.00, 0, 0, 1, '', '2026-04-06 00:09:37'),
(1059, 38, 29.70, 95.00, 0, 0, 0, 'Cooldown', '2026-04-06 00:09:40'),
(1060, 38, 29.70, 95.00, 0, 0, 1, '', '2026-04-06 00:09:40'),
(1061, 38, 29.60, 95.00, 0, 0, 0, 'Cooldown', '2026-04-06 00:09:43'),
(1062, 38, 29.60, 95.00, 0, 0, 1, '', '2026-04-06 00:09:43'),
(1063, 38, 29.40, 95.00, 0, 0, 0, 'Cooldown', '2026-04-06 00:09:46'),
(1064, 38, 29.40, 95.00, 0, 0, 1, '', '2026-04-06 00:09:46'),
(1065, 38, 29.30, 95.00, 0, 0, 0, 'Cooldown', '2026-04-06 00:09:49'),
(1066, 38, 29.30, 95.00, 0, 0, 1, '', '2026-04-06 00:09:49'),
(1067, 38, 29.20, 95.00, 0, 0, 0, 'Cooldown', '2026-04-06 00:09:52'),
(1068, 38, 29.20, 95.00, 0, 0, 1, '', '2026-04-06 00:09:52'),
(1069, 38, 29.20, 95.00, 0, 0, 0, 'Cooldown', '2026-04-06 00:09:55'),
(1070, 38, 29.20, 95.00, 0, 0, 1, '', '2026-04-06 00:09:55'),
(1071, 38, 29.10, 95.00, 0, 0, 0, 'Cooldown', '2026-04-06 00:09:58'),
(1072, 38, 29.10, 95.00, 0, 0, 1, '', '2026-04-06 00:09:58'),
(1073, 38, 29.10, 95.00, 0, 0, 0, 'Cooldown', '2026-04-06 00:10:01'),
(1074, 38, 29.10, 95.00, 0, 0, 1, '', '2026-04-06 00:10:01'),
(1075, 38, 29.10, 95.00, 0, 0, 0, 'Cooldown', '2026-04-06 00:10:04'),
(1076, 38, 29.10, 95.00, 0, 0, 1, '', '2026-04-06 00:10:04'),
(1077, 38, 29.10, 95.00, 0, 0, 0, 'Cooldown', '2026-04-06 00:10:07'),
(1078, 38, 29.10, 95.00, 0, 0, 1, '', '2026-04-06 00:10:07'),
(1079, 38, 29.10, 95.00, 0, 0, 0, 'Cooldown', '2026-04-06 00:10:10'),
(1080, 38, 29.10, 95.00, 0, 0, 1, '', '2026-04-06 00:10:10'),
(1081, 38, 29.00, 95.00, 0, 0, 0, 'Cooldown', '2026-04-06 00:10:13'),
(1082, 38, 29.00, 95.00, 0, 0, 1, 'Heating', '2026-04-06 00:10:13'),
(1083, 38, 29.00, 95.00, 0, 0, 0, 'Cooldown', '2026-04-06 00:10:16'),
(1084, 38, 29.00, 95.00, 0, 0, 1, 'Heating', '2026-04-06 00:10:16'),
(1085, 38, 29.00, 95.00, 0, 0, 0, 'Cooldown', '2026-04-06 00:10:19'),
(1086, 38, 29.00, 95.00, 0, 0, 1, 'Heating', '2026-04-06 00:10:19'),
(1087, 38, 29.00, 95.00, 0, 0, 0, 'Cooldown', '2026-04-06 00:10:22'),
(1088, 38, 29.00, 95.00, 0, 0, 1, 'Heating', '2026-04-06 00:10:22'),
(1089, 38, 29.00, 95.00, 0, 0, 0, 'Cooldown', '2026-04-06 00:10:25'),
(1090, 38, 29.00, 95.00, 0, 0, 1, 'Heating', '2026-04-06 00:10:25'),
(1091, 38, 29.00, 95.00, 0, 0, 0, 'Cooldown', '2026-04-06 00:10:28'),
(1092, 38, 29.00, 95.00, 0, 0, 1, 'Heating', '2026-04-06 00:10:28'),
(1093, 38, 29.00, 95.00, 0, 0, 0, 'Cooldown', '2026-04-06 00:10:31'),
(1094, 38, 29.00, 95.00, 0, 0, 1, 'Heating', '2026-04-06 00:10:31'),
(1095, 38, 29.00, 95.00, 0, 0, 0, 'Cooldown', '2026-04-06 00:10:34'),
(1096, 38, 29.00, 95.00, 0, 0, 1, 'Heating', '2026-04-06 00:10:34'),
(1097, 38, 28.90, 95.00, 0, 0, 0, 'Cooldown', '2026-04-06 00:10:37'),
(1098, 38, 28.90, 95.00, 0, 0, 1, 'Heating', '2026-04-06 00:10:37'),
(1099, 38, 28.90, 95.00, 0, 0, 0, 'Cooldown', '2026-04-06 00:10:40'),
(1100, 38, 28.90, 95.00, 0, 0, 1, 'Heating', '2026-04-06 00:10:40'),
(1101, 38, 28.90, 95.00, 0, 0, 0, 'Cooldown', '2026-04-06 00:10:43'),
(1102, 38, 28.90, 95.00, 0, 0, 1, 'Heating', '2026-04-06 00:10:43'),
(1103, 38, 28.90, 95.00, 0, 0, 0, 'Cooldown', '2026-04-06 00:10:46'),
(1104, 38, 28.90, 95.00, 0, 0, 1, 'Heating', '2026-04-06 00:10:46'),
(1105, 38, 28.80, 95.00, 0, 0, 0, 'Cooldown', '2026-04-06 00:10:49'),
(1106, 38, 28.80, 95.00, 0, 0, 1, 'Heating', '2026-04-06 00:10:49'),
(1107, 38, 28.80, 95.00, 0, 0, 0, 'Cooldown', '2026-04-06 00:10:52'),
(1108, 38, 28.80, 95.00, 0, 0, 1, 'Heating', '2026-04-06 00:10:52'),
(1109, 38, 28.80, 95.00, 0, 0, 0, 'Cooldown', '2026-04-06 00:10:55'),
(1110, 38, 28.80, 95.00, 0, 0, 1, 'Heating', '2026-04-06 00:10:55'),
(1111, 38, 28.80, 95.00, 0, 0, 0, 'Cooldown', '2026-04-06 00:10:58'),
(1112, 38, 28.80, 95.00, 0, 0, 1, 'Heating', '2026-04-06 00:10:58'),
(1113, 38, 28.70, 95.00, 0, 0, 0, 'Cooldown', '2026-04-06 00:11:01'),
(1114, 38, 28.70, 95.00, 0, 0, 1, 'Heating', '2026-04-06 00:11:01'),
(1115, 38, 28.70, 95.00, 0, 0, 0, 'Cooldown', '2026-04-06 00:11:04'),
(1116, 38, 28.70, 95.00, 0, 0, 1, 'Heating', '2026-04-06 00:11:04'),
(1117, 38, 28.70, 95.00, 0, 0, 0, 'Cooldown', '2026-04-06 00:11:07'),
(1118, 38, 28.70, 95.00, 0, 0, 1, 'Heating', '2026-04-06 00:11:07'),
(1119, 38, 28.70, 95.00, 0, 0, 0, 'Cooldown', '2026-04-06 00:11:10'),
(1120, 38, 28.70, 95.00, 0, 0, 1, 'Heating', '2026-04-06 00:11:10'),
(1121, 38, 28.60, 95.00, 0, 0, 0, 'Cooldown', '2026-04-06 00:11:13'),
(1122, 38, 28.60, 95.00, 0, 0, 1, 'Heating', '2026-04-06 00:11:13'),
(1123, 38, 28.60, 95.00, 0, 0, 0, 'Cooldown', '2026-04-06 00:11:16'),
(1124, 38, 28.60, 95.00, 0, 0, 1, 'Heating', '2026-04-06 00:11:16'),
(1125, 38, 28.60, 95.00, 0, 0, 0, 'Cooldown', '2026-04-06 00:11:19'),
(1126, 38, 28.60, 95.00, 0, 0, 1, 'Heating', '2026-04-06 00:11:19'),
(1127, 38, 28.60, 95.00, 0, 0, 0, 'Cooldown', '2026-04-06 00:11:22'),
(1128, 38, 28.60, 95.00, 0, 0, 1, 'Heating', '2026-04-06 00:11:22'),
(1129, 38, 28.50, 95.00, 0, 0, 0, 'Cooldown', '2026-04-06 00:11:25'),
(1130, 38, 28.50, 95.00, 0, 0, 1, 'Heating', '2026-04-06 00:11:25'),
(1131, 38, 28.50, 95.00, 0, 0, 0, 'Cooldown', '2026-04-06 00:11:28'),
(1132, 38, 28.50, 95.00, 0, 0, 1, 'Heating', '2026-04-06 00:11:28'),
(1133, 38, 28.50, 95.00, 0, 0, 0, 'Cooldown', '2026-04-06 00:11:31'),
(1134, 38, 28.50, 95.00, 0, 0, 1, 'Heating', '2026-04-06 00:11:31'),
(1135, 38, 28.50, 95.00, 0, 0, 0, 'Cooldown', '2026-04-06 00:11:34'),
(1136, 38, 28.50, 95.00, 0, 0, 1, 'Heating', '2026-04-06 00:11:34'),
(1137, 38, 28.40, 95.00, 0, 0, 0, 'Cooldown', '2026-04-06 00:11:37'),
(1138, 38, 28.40, 95.00, 0, 0, 1, 'Heating', '2026-04-06 00:11:37'),
(1139, 38, 28.40, 95.00, 0, 0, 0, 'Cooldown', '2026-04-06 00:11:40'),
(1140, 38, 28.40, 95.00, 0, 0, 1, 'Heating', '2026-04-06 00:11:40'),
(1141, 38, 28.40, 95.00, 0, 0, 0, 'Cooldown', '2026-04-06 00:11:43'),
(1142, 38, 28.40, 95.00, 0, 0, 1, 'Heating', '2026-04-06 00:11:43'),
(1143, 38, 28.40, 95.00, 0, 0, 0, 'Cooldown', '2026-04-06 00:11:46'),
(1144, 38, 28.40, 95.00, 0, 0, 1, 'Heating', '2026-04-06 00:11:48'),
(1145, 38, 28.40, 95.00, 0, 0, 0, 'Cooldown', '2026-04-06 00:11:49'),
(1146, 38, 28.40, 95.00, 0, 0, 1, 'Heating', '2026-04-06 00:11:49'),
(1147, 38, 28.30, 95.00, 0, 0, 0, 'Cooldown', '2026-04-06 00:11:52'),
(1148, 38, 28.30, 95.00, 0, 0, 1, 'Heating', '2026-04-06 00:11:52'),
(1149, 38, 28.30, 95.00, 0, 0, 0, 'Cooldown', '2026-04-06 00:11:55'),
(1150, 38, 28.30, 95.00, 0, 0, 1, 'Heating', '2026-04-06 00:11:55'),
(1151, 38, 28.30, 95.00, 0, 0, 0, 'Cooldown', '2026-04-06 00:11:58'),
(1152, 38, 28.30, 95.00, 0, 0, 1, 'Heating', '2026-04-06 00:11:58'),
(1153, 38, 28.30, 95.00, 0, 0, 0, 'Cooldown', '2026-04-06 00:12:01'),
(1154, 38, 28.30, 95.00, 0, 0, 1, 'Heating', '2026-04-06 00:12:01'),
(1155, 38, 28.30, 95.00, 0, 0, 0, 'Cooldown', '2026-04-06 00:12:04'),
(1156, 38, 28.30, 95.00, 0, 0, 1, 'Heating', '2026-04-06 00:12:04'),
(1157, 38, 28.30, 95.00, 0, 0, 0, 'Cooldown', '2026-04-06 00:12:07'),
(1158, 38, 28.30, 95.00, 0, 0, 1, 'Heating', '2026-04-06 00:12:07'),
(1159, 38, 28.20, 95.00, 0, 0, 0, 'Cooldown', '2026-04-06 00:12:10'),
(1160, 38, 28.20, 95.00, 0, 0, 1, 'Heating', '2026-04-06 00:12:10'),
(1161, 38, 28.20, 95.00, 0, 0, 0, 'Cooldown', '2026-04-06 00:12:13'),
(1162, 38, 28.20, 95.00, 0, 0, 1, 'Heating', '2026-04-06 00:12:13'),
(1163, 38, 28.20, 95.00, 0, 0, 0, 'Cooldown', '2026-04-06 00:12:16'),
(1164, 38, 28.20, 95.00, 0, 0, 1, 'Heating', '2026-04-06 00:12:16'),
(1165, 38, 28.20, 95.00, 0, 0, 0, 'Cooldown', '2026-04-06 00:12:19'),
(1166, 38, 28.20, 95.00, 0, 0, 1, 'Heating', '2026-04-06 00:12:19'),
(1167, 38, 28.10, 95.00, 0, 0, 0, 'Cooldown', '2026-04-06 00:12:22'),
(1168, 38, 28.10, 95.00, 0, 0, 1, 'Heating', '2026-04-06 00:12:22'),
(1169, 38, 28.10, 95.00, 0, 0, 0, 'Cooldown', '2026-04-06 00:12:25'),
(1170, 38, 28.10, 95.00, 0, 0, 1, 'Heating', '2026-04-06 00:12:25'),
(1171, 38, 28.10, 95.00, 0, 0, 0, 'Cooldown', '2026-04-06 00:12:28'),
(1172, 38, 28.10, 95.00, 0, 0, 1, 'Heating', '2026-04-06 00:12:28'),
(1173, 38, 28.10, 95.00, 0, 0, 0, 'Cooldown', '2026-04-06 00:12:31'),
(1174, 38, 28.10, 95.00, 0, 0, 1, 'Heating', '2026-04-06 00:12:31'),
(1175, 38, 28.10, 95.00, 0, 0, 0, 'Cooldown', '2026-04-06 00:12:34'),
(1176, 38, 28.10, 95.00, 0, 0, 1, 'Heating', '2026-04-06 00:12:34'),
(1177, 38, 28.10, 95.00, 0, 0, 0, 'Cooldown', '2026-04-06 00:12:37'),
(1178, 38, 28.10, 95.00, 0, 0, 1, 'Heating', '2026-04-06 00:12:37'),
(1179, 38, 28.10, 95.00, 0, 0, 0, 'Cooldown', '2026-04-06 00:12:40'),
(1180, 38, 28.10, 95.00, 0, 0, 1, 'Heating', '2026-04-06 00:12:40'),
(1181, 38, 28.10, 95.00, 0, 0, 0, 'Cooldown', '2026-04-06 00:12:43'),
(1182, 38, 28.10, 95.00, 0, 0, 1, 'Heating', '2026-04-06 00:12:43'),
(1183, 38, 28.10, 95.00, 0, 0, 0, 'Cooldown', '2026-04-06 00:12:46'),
(1184, 38, 28.10, 95.00, 0, 0, 1, 'Heating', '2026-04-06 00:12:46'),
(1185, 38, 28.10, 95.00, 0, 0, 0, 'Cooldown', '2026-04-06 00:12:49'),
(1186, 38, 28.10, 95.00, 0, 0, 1, 'Heating', '2026-04-06 00:12:49'),
(1187, 38, 28.10, 95.00, 0, 0, 0, 'Cooldown', '2026-04-06 00:12:52'),
(1188, 38, 28.10, 95.00, 0, 0, 1, 'Heating', '2026-04-06 00:12:52'),
(1189, 38, 28.00, 95.00, 0, 0, 0, 'Cooldown', '2026-04-06 00:12:55'),
(1190, 38, 28.00, 95.00, 0, 0, 1, 'Heating', '2026-04-06 00:12:55'),
(1191, 38, 28.00, 95.00, 0, 0, 0, 'Cooldown', '2026-04-06 00:12:58'),
(1192, 38, 28.00, 95.00, 0, 0, 1, 'Heating', '2026-04-06 00:12:58'),
(1193, 38, 28.00, 95.00, 0, 0, 0, 'Cooldown', '2026-04-06 00:13:01'),
(1194, 38, 28.00, 95.00, 0, 0, 1, 'Heating', '2026-04-06 00:13:01'),
(1195, 38, 28.00, 94.00, 0, 0, 0, 'Cooldown', '2026-04-06 00:13:04'),
(1196, 38, 28.00, 94.00, 0, 0, 1, 'Heating', '2026-04-06 00:13:04'),
(1197, 38, 28.00, 94.00, 0, 0, 0, 'Cooldown', '2026-04-06 00:13:07'),
(1198, 38, 28.00, 94.00, 0, 0, 1, 'Heating', '2026-04-06 00:13:07'),
(1199, 38, 28.00, 91.00, 0, 0, 0, 'Cooldown', '2026-04-06 00:13:10'),
(1200, 38, 28.00, 91.00, 0, 0, 1, 'Heating', '2026-04-06 00:13:10'),
(1201, 38, 28.00, 91.00, 0, 0, 0, 'Cooldown', '2026-04-06 00:13:13'),
(1202, 38, 28.00, 91.00, 0, 0, 1, 'Heating', '2026-04-06 00:13:13'),
(1203, 38, 28.00, 90.00, 0, 0, 0, 'Cooldown', '2026-04-06 00:13:16'),
(1204, 38, 28.00, 90.00, 0, 0, 1, 'Heating', '2026-04-06 00:13:16'),
(1205, 38, 28.00, 90.00, 0, 0, 0, 'Cooldown', '2026-04-06 00:13:19'),
(1206, 38, 28.00, 90.00, 0, 0, 1, 'Heating', '2026-04-06 00:13:19'),
(1207, 38, 28.00, 90.00, 0, 0, 0, 'Cooldown', '2026-04-06 00:13:22'),
(1208, 38, 28.00, 90.00, 0, 0, 1, 'Heating', '2026-04-06 00:13:22'),
(1209, 38, 28.00, 90.00, 0, 0, 0, 'Cooldown', '2026-04-06 00:13:25'),
(1210, 38, 28.00, 90.00, 0, 0, 1, 'Heating', '2026-04-06 00:13:25'),
(1211, 38, 28.00, 89.00, 0, 0, 0, 'Cooldown', '2026-04-06 00:13:28'),
(1212, 38, 28.00, 89.00, 0, 0, 1, 'Heating', '2026-04-06 00:13:28'),
(1213, 38, 28.00, 89.00, 0, 0, 0, 'Cooldown', '2026-04-06 00:13:31'),
(1214, 38, 28.00, 89.00, 0, 0, 1, 'Heating', '2026-04-06 00:13:31'),
(1215, 38, 28.00, 88.00, 0, 0, 1, 'Heating', '2026-04-06 00:13:34'),
(1216, 38, 28.00, 87.00, 0, 0, 1, 'Heating', '2026-04-06 00:13:37'),
(1217, 38, 28.00, 87.00, 0, 0, 1, 'Heating', '2026-04-06 00:13:40'),
(1218, 38, 28.00, 87.00, 0, 0, 1, 'Heating', '2026-04-06 00:13:43'),
(1219, 38, 28.00, 86.00, 0, 0, 1, 'Heating', '2026-04-06 00:13:46'),
(1220, 38, 28.00, 86.00, 0, 0, 1, 'Heating', '2026-04-06 00:13:49'),
(1221, 38, 28.00, 85.00, 0, 0, 1, 'Heating', '2026-04-06 00:13:52'),
(1222, 38, 28.00, 85.00, 0, 0, 1, 'Heating', '2026-04-06 00:13:55'),
(1223, 38, 28.00, 85.00, 0, 0, 1, 'Heating', '2026-04-06 00:13:58'),
(1224, 38, 27.90, 85.00, 0, 0, 1, 'Heating', '2026-04-06 00:14:01'),
(1225, 38, 27.90, 85.00, 0, 0, 1, 'Heating', '2026-04-06 00:14:04'),
(1226, 38, 27.90, 84.00, 0, 0, 1, 'Heating', '2026-04-06 00:14:07'),
(1227, 38, 27.90, 84.00, 0, 0, 1, 'Heating', '2026-04-06 00:14:10'),
(1228, 38, 27.90, 84.00, 0, 0, 1, 'Heating', '2026-04-06 00:14:13'),
(1229, 38, 27.90, 84.00, 0, 0, 1, 'Heating', '2026-04-06 00:14:16'),
(1230, 38, 27.90, 83.00, 0, 0, 1, 'Heating', '2026-04-06 00:14:19'),
(1231, 38, 27.90, 83.00, 0, 0, 1, 'Heating', '2026-04-06 00:14:22'),
(1232, 38, 27.90, 83.00, 0, 0, 1, 'Heating', '2026-04-06 00:14:25'),
(1233, 38, 27.90, 83.00, 0, 0, 1, 'Heating', '2026-04-06 00:14:28'),
(1234, 38, 27.80, 83.00, 0, 0, 1, 'Heating', '2026-04-06 00:14:31'),
(1235, 39, 26.90, 73.00, 0, 0, 1, 'Heating', '2026-04-06 00:31:07'),
(1236, 39, 26.90, 72.00, 0, 0, 1, 'Heating', '2026-04-06 00:31:10'),
(1237, 39, 26.90, 73.00, 0, 0, 1, 'Heating', '2026-04-06 00:31:13'),
(1238, 39, 26.90, 72.00, 0, 0, 1, 'Heating', '2026-04-06 00:31:16'),
(1239, 39, 26.90, 72.00, 0, 0, 1, 'Heating', '2026-04-06 00:31:19'),
(1240, 39, 26.90, 73.00, 0, 0, 1, 'Heating', '2026-04-06 00:31:22'),
(1241, 39, 26.90, 72.00, 0, 0, 1, 'Heating', '2026-04-06 00:31:25'),
(1242, 39, 26.90, 72.00, 0, 0, 1, 'Heating', '2026-04-06 00:31:28'),
(1243, 39, 26.90, 72.00, 0, 0, 1, 'Heating', '2026-04-06 00:31:31'),
(1244, 39, 26.90, 72.00, 0, 0, 1, 'Heating', '2026-04-06 00:31:34'),
(1245, 39, 26.90, 72.00, 0, 0, 1, 'Heating', '2026-04-06 00:31:37'),
(1246, 39, 26.90, 72.00, 0, 0, 1, 'Heating', '2026-04-06 00:31:40'),
(1247, 39, 26.90, 72.00, 0, 0, 1, 'Heating', '2026-04-06 00:31:43'),
(1248, 40, 26.50, 73.00, 0, 0, 1, 'Heating', '2026-04-06 00:37:34'),
(1249, 40, 26.50, 73.00, 0, 0, 1, 'Heating', '2026-04-06 00:37:37'),
(1250, 40, 26.50, 73.00, 0, 0, 1, 'Heating', '2026-04-06 00:37:40'),
(1251, 40, 26.50, 73.00, 0, 0, 1, 'Heating', '2026-04-06 00:37:43'),
(1252, 40, 26.50, 73.00, 0, 0, 1, 'Heating', '2026-04-06 00:37:46'),
(1253, 40, 26.50, 73.00, 0, 0, 1, 'Heating', '2026-04-06 00:37:49'),
(1254, 41, 26.50, 73.00, 0, 0, 1, 'Heating', '2026-04-06 00:38:13'),
(1255, 41, 26.50, 73.00, 0, 0, 1, 'Heating', '2026-04-06 00:38:16'),
(1256, 41, 26.50, 73.00, 0, 0, 1, 'Heating', '2026-04-06 00:38:19'),
(1257, 41, 26.50, 73.00, 0, 0, 1, 'Heating', '2026-04-06 00:38:22'),
(1258, 41, 26.50, 73.00, 0, 0, 1, 'Heating', '2026-04-06 00:38:25'),
(1259, 41, 26.50, 73.00, 0, 0, 1, 'Heating', '2026-04-06 00:38:28'),
(1260, 42, 26.50, 74.00, 0, 0, 1, 'Heating', '2026-04-06 00:39:50'),
(1261, 42, 26.50, 74.00, 0, 0, 1, 'Heating', '2026-04-06 00:39:53'),
(1262, 42, 26.50, 74.00, 0, 0, 1, 'Heating', '2026-04-06 00:39:58'),
(1263, 42, 26.50, 74.00, 0, 0, 1, 'Heating', '2026-04-06 00:39:59'),
(1264, 43, 26.40, 74.00, 0, 0, 1, 'Heating', '2026-04-06 00:40:50'),
(1265, 43, 26.40, 74.00, 0, 0, 1, 'Heating', '2026-04-06 00:40:53'),
(1266, 43, 26.40, 74.00, 0, 0, 1, 'Heating', '2026-04-06 00:40:57'),
(1267, 43, 26.40, 74.00, 0, 0, 1, 'Heating', '2026-04-06 00:40:59'),
(1268, 43, 26.40, 74.00, 0, 0, 1, 'Heating', '2026-04-06 00:41:02'),
(1269, 43, 26.40, 74.00, 0, 0, 1, 'Heating', '2026-04-06 00:41:05'),
(1270, 43, 26.40, 74.00, 0, 0, 1, 'Heating', '2026-04-06 00:41:08'),
(1271, 43, 26.40, 74.00, 0, 0, 1, 'Heating', '2026-04-06 00:41:11'),
(1272, 43, 26.40, 74.00, 0, 0, 1, 'Heating', '2026-04-06 00:41:14'),
(1273, 43, 26.40, 74.00, 0, 0, 1, 'Heating', '2026-04-06 00:41:17'),
(1274, 43, 26.40, 74.00, 0, 0, 1, 'Heating', '2026-04-06 00:41:20'),
(1275, 43, 26.40, 74.00, 0, 0, 1, 'Heating', '2026-04-06 00:41:23'),
(1276, 43, 26.40, 74.00, 0, 0, 1, 'Heating', '2026-04-06 00:41:26'),
(1277, 43, 26.40, 74.00, 0, 0, 1, 'Heating', '2026-04-06 00:41:29'),
(1278, 43, 26.40, 74.00, 0, 0, 1, 'Heating', '2026-04-06 00:41:32'),
(1279, 43, 26.40, 74.00, 0, 0, 1, 'Heating', '2026-04-06 00:41:35'),
(1280, 43, 26.40, 74.00, 0, 0, 1, 'Heating', '2026-04-06 00:41:38'),
(1281, 43, 26.40, 74.00, 0, 0, 1, 'Heating', '2026-04-06 00:41:41'),
(1282, 43, 26.40, 74.00, 0, 0, 1, 'Heating', '2026-04-06 00:41:44'),
(1283, 43, 26.40, 74.00, 0, 0, 1, 'Heating', '2026-04-06 00:41:47'),
(1284, 43, 26.40, 74.00, 0, 0, 1, 'Heating', '2026-04-06 00:41:50'),
(1285, 43, 26.40, 74.00, 0, 0, 1, 'Heating', '2026-04-06 00:41:53'),
(1286, 43, 26.40, 74.00, 0, 0, 1, 'Heating', '2026-04-06 00:41:56'),
(1287, 43, 26.40, 74.00, 0, 0, 1, 'Heating', '2026-04-06 00:41:59'),
(1288, 43, 26.40, 74.00, 0, 0, 1, 'Heating', '2026-04-06 00:42:02'),
(1289, 43, 26.40, 74.00, 0, 0, 1, 'Heating', '2026-04-06 00:42:05'),
(1290, 43, 26.40, 74.00, 0, 0, 1, 'Heating', '2026-04-06 00:42:08'),
(1291, 43, 26.40, 74.00, 0, 0, 1, 'Heating', '2026-04-06 00:42:11'),
(1292, 43, 26.40, 74.00, 0, 0, 1, 'Heating', '2026-04-06 00:42:14'),
(1293, 43, 26.40, 74.00, 0, 0, 1, 'Heating', '2026-04-06 00:42:17'),
(1294, 43, 26.40, 74.00, 0, 0, 1, 'Heating', '2026-04-06 00:42:21'),
(1295, 43, 26.40, 74.00, 0, 0, 1, 'Heating', '2026-04-06 00:42:24'),
(1296, 43, 26.50, 74.00, 0, 0, 1, 'Heating', '2026-04-06 00:42:27'),
(1297, 43, 26.70, 75.00, 0, 0, 1, 'Heating', '2026-04-06 00:42:30'),
(1298, 43, 27.30, 74.00, 0, 0, 1, 'Heating', '2026-04-06 00:42:33'),
(1299, 43, 28.00, 74.00, 0, 0, 1, 'Heating', '2026-04-06 00:42:37'),
(1300, 43, 28.40, 73.00, 0, 0, 1, 'Heating', '2026-04-06 00:42:39'),
(1301, 43, 29.00, 72.00, 0, 0, 1, 'Heating', '2026-04-06 00:42:42'),
(1302, 43, 29.40, 70.00, 0, 0, 1, 'Heating', '2026-04-06 00:42:45'),
(1303, 43, 30.00, 68.00, 0, 0, 1, 'Heating', '2026-04-06 00:42:48'),
(1304, 43, 30.50, 67.00, 0, 0, 1, 'Heating', '2026-04-06 00:42:51'),
(1305, 43, 31.00, 65.00, 0, 0, 1, 'Heating', '2026-04-06 00:42:54'),
(1306, 43, 31.50, 64.00, 0, 0, 1, 'Heating', '2026-04-06 00:42:57'),
(1307, 43, 32.00, 63.00, 0, 0, 1, 'Heating', '2026-04-06 00:43:00'),
(1308, 43, 32.50, 62.00, 0, 0, 1, 'Heating', '2026-04-06 00:43:03'),
(1309, 43, 33.00, 60.00, 0, 0, 1, 'Heating', '2026-04-06 00:43:06'),
(1310, 43, 33.40, 59.00, 0, 0, 1, 'Heating', '2026-04-06 00:43:09'),
(1311, 43, 33.90, 58.00, 0, 0, 1, 'Heating', '2026-04-06 00:43:12'),
(1312, 43, 34.30, 57.00, 0, 0, 1, 'Heating', '2026-04-06 00:43:15'),
(1313, 43, 34.80, 54.00, 0, 0, 1, 'Heating', '2026-04-06 00:43:18'),
(1314, 43, 35.30, 52.00, 0, 0, 1, 'Heating', '2026-04-06 00:43:21'),
(1315, 43, 35.70, 52.00, 0, 0, 1, 'Heating', '2026-04-06 00:43:24'),
(1316, 43, 36.00, 52.00, 0, 0, 1, 'Heating', '2026-04-06 00:43:27'),
(1317, 43, 36.30, 52.00, 0, 0, 1, 'Heating', '2026-04-06 00:43:30'),
(1318, 43, 36.60, 52.00, 0, 0, 1, 'Heating', '2026-04-06 00:43:33'),
(1319, 43, 36.80, 51.00, 0, 0, 1, 'Heating', '2026-04-06 00:43:36'),
(1320, 43, 37.00, 51.00, 0, 0, 1, 'Heating', '2026-04-06 00:43:42'),
(1321, 43, 37.30, 50.00, 0, 0, 1, 'Heating', '2026-04-06 00:43:42'),
(1322, 43, 37.50, 50.00, 0, 0, 1, 'Heating', '2026-04-06 00:43:45'),
(1323, 43, 38.10, 44.00, 0, 0, 1, 'Heating', '2026-04-06 00:44:20'),
(1324, 43, 38.10, 44.00, 0, 0, 1, 'Heating', '2026-04-06 00:44:23'),
(1325, 43, 38.10, 44.00, 0, 0, 1, 'Heating', '2026-04-06 00:44:26'),
(1326, 43, 38.10, 43.00, 0, 0, 1, 'Heating', '2026-04-06 00:44:29'),
(1327, 43, 38.00, 43.00, 0, 0, 1, 'Heating', '2026-04-06 00:44:32'),
(1328, 43, 38.00, 43.00, 0, 0, 1, 'Heating', '2026-04-06 00:44:35'),
(1329, 43, 38.00, 43.00, 0, 0, 1, 'Heating', '2026-04-06 00:44:38'),
(1330, 43, 38.00, 43.00, 0, 0, 1, 'Heating', '2026-04-06 00:44:41'),
(1331, 43, 38.00, 43.00, 0, 0, 1, 'Heating', '2026-04-06 00:44:47'),
(1332, 43, 38.00, 43.00, 0, 0, 1, 'Heating', '2026-04-06 00:44:47'),
(1333, 43, 37.90, 43.00, 0, 0, 1, 'Heating', '2026-04-06 00:44:50'),
(1334, 43, 37.80, 42.00, 0, 0, 1, 'Heating', '2026-04-06 00:44:53'),
(1335, 43, 37.70, 42.00, 0, 0, 1, 'Heating', '2026-04-06 00:44:56'),
(1336, 43, 37.60, 42.00, 0, 0, 1, 'Heating', '2026-04-06 00:44:59'),
(1337, 43, 37.60, 42.00, 0, 0, 1, 'Heating', '2026-04-06 00:45:02'),
(1338, 43, 37.50, 42.00, 0, 0, 1, 'Heating', '2026-04-06 00:45:05'),
(1339, 43, 37.30, 42.00, 0, 0, 1, 'Heating', '2026-04-06 00:45:08'),
(1340, 43, 37.20, 42.00, 0, 0, 1, 'Heating', '2026-04-06 00:45:11'),
(1341, 43, 37.10, 42.00, 0, 0, 1, 'Heating', '2026-04-06 00:45:14'),
(1342, 43, 37.00, 42.00, 0, 0, 1, 'Heating', '2026-04-06 00:45:17'),
(1343, 43, 36.90, 42.00, 0, 0, 1, 'Heating', '2026-04-06 00:45:24'),
(1344, 43, 36.80, 42.00, 0, 0, 1, 'Heating', '2026-04-06 00:45:24'),
(1345, 43, 36.70, 42.00, 0, 0, 1, 'Heating', '2026-04-06 00:45:27'),
(1346, 43, 36.60, 42.00, 0, 0, 1, 'Heating', '2026-04-06 00:45:30'),
(1347, 43, 36.50, 43.00, 0, 0, 1, 'Heating', '2026-04-06 00:45:33'),
(1348, 43, 36.40, 43.00, 0, 0, 1, 'Heating', '2026-04-06 00:45:36'),
(1349, 43, 36.30, 43.00, 0, 0, 1, 'Heating', '2026-04-06 00:45:39'),
(1350, 43, 36.20, 43.00, 0, 0, 1, 'Heating', '2026-04-06 00:45:42'),
(1351, 43, 36.20, 43.00, 0, 0, 1, 'Heating', '2026-04-06 00:45:45'),
(1352, 43, 36.10, 43.00, 0, 0, 1, 'Heating', '2026-04-06 00:45:48'),
(1353, 43, 36.00, 43.00, 0, 0, 1, 'Heating', '2026-04-06 00:45:51'),
(1354, 43, 35.90, 43.00, 0, 0, 1, 'Heating', '2026-04-06 00:45:54'),
(1355, 43, 35.80, 44.00, 0, 0, 1, 'Heating', '2026-04-06 00:45:57'),
(1356, 44, 28.10, 65.00, 0, 0, 1, 'Heating', '2026-04-06 00:54:46'),
(1357, 44, 28.10, 64.00, 0, 0, 1, 'Heating', '2026-04-06 00:54:49'),
(1358, 45, 26.30, 73.00, 0, 0, 1, 'Heating', '2026-04-06 01:13:05'),
(1359, 45, 26.30, 73.00, 0, 0, 1, 'Heating', '2026-04-06 01:13:08'),
(1360, 45, 26.30, 73.00, 0, 0, 1, 'Heating', '2026-04-06 01:13:11'),
(1361, 46, 26.10, 73.00, 0, 0, 1, 'Heating', '2026-04-06 01:23:32'),
(1362, 46, 26.10, 73.00, 0, 0, 1, 'Heating', '2026-04-06 01:23:35'),
(1363, 46, 26.10, 73.00, 0, 0, 1, 'Heating', '2026-04-06 01:23:38'),
(1364, 47, 26.10, 74.00, 0, 0, 1, 'Heating', '2026-04-06 01:28:21'),
(1365, 47, 26.10, 74.00, 0, 0, 1, 'Heating', '2026-04-06 01:28:24'),
(1366, 47, 26.10, 74.00, 0, 0, 1, 'Heating', '2026-04-06 01:28:27'),
(1367, 47, 26.10, 74.00, 0, 0, 1, 'Heating', '2026-04-06 01:28:30'),
(1368, 47, 26.10, 74.00, 0, 0, 1, 'Heating', '2026-04-06 01:28:33'),
(1369, 47, 26.10, 74.00, 0, 0, 1, 'Heating', '2026-04-06 01:28:36'),
(1370, 47, 26.10, 74.00, 0, 0, 1, 'Heating', '2026-04-06 01:28:39');

-- --------------------------------------------------------

--
-- Table structure for table `drying_records`
--

CREATE TABLE `drying_records` (
  `id` int(11) NOT NULL,
  `batch_id` varchar(100) DEFAULT 'Manual Batch',
  `duration` varchar(50) DEFAULT '00:00:00',
  `energy` float DEFAULT 0,
  `temp_avg` float DEFAULT 0,
  `hum_avg` float DEFAULT 0,
  `status` varchar(50) DEFAULT 'Completed',
  `timestamp` timestamp NOT NULL DEFAULT current_timestamp(),
  `user_id` int(11) DEFAULT NULL,
  `session_id` int(11) DEFAULT NULL
) ENGINE=InnoDB DEFAULT CHARSET=utf8mb4 COLLATE=utf8mb4_general_ci;

--
-- Dumping data for table `drying_records`
--

INSERT INTO `drying_records` (`id`, `batch_id`, `duration`, `energy`, `temp_avg`, `hum_avg`, `status`, `timestamp`, `user_id`, `session_id`) VALUES
(1, 'Fishda Batch A', '00:18:00', 0, 33, 38.7, 'Completed', '2026-04-03 13:34:18', 23, 1),
(2, 'Aquadry Batch B', '00:55:00', 0, 34.1, 39.8, 'Completed', '2026-04-03 13:34:18', 23, 2),
(3, 'HeatBot Batch C', '00:42:00', 0, 35.1, 38.2, 'Completed', '2026-04-03 13:34:18', 23, 3),
(4, 'Fishda Batch D', '00:23:00', 0, 32.3, 41, 'Completed', '2026-04-03 13:34:18', 23, 4),
(5, 'Aquadry Batch E', '00:33:00', 0, 34.6, 37.6, 'Completed', '2026-04-03 13:34:18', 23, 5),
(6, 'admin', '00:01:50', 0, 28, 58, 'Completed', '2026-04-05 14:33:12', 2, 17),
(7, 'admin', '00:00:06', 0, 28, 58, 'Completed', '2026-04-05 14:35:26', 2, 18),
(8, 'admin', '00:00:05', 0, 28, 58, 'Completed', '2026-04-05 14:35:34', 2, 19),
(9, 'admin', '00:00:11', 0, 28, 58, 'Completed', '2026-04-05 14:35:48', 2, 20),
(10, 'admin', '00:00:09', 0, 27.9, 58, 'Completed', '2026-04-05 14:37:46', 2, 21),
(11, 'admin', '00:00:16', 0, 27.9, 57.33, 'Completed', '2026-04-05 14:38:12', 2, 22),
(12, 'admin', '00:00:13', 0, 27.8, 58, 'Completed', '2026-04-05 14:40:19', 2, 23),
(13, 'admin', '00:00:26', 0, 27.7, 58.4, 'Completed', '2026-04-05 14:44:06', 2, 24),
(14, 'admin', '00:03:17', 0, 27.48, 60.1, 'Completed', '2026-04-05 15:01:50', 2, 25),
(15, 'admin', '00:00:29', 0, 27.94, 75.67, 'Completed & Dried', '2026-04-05 15:05:04', 2, 26),
(16, 'admin', '00:05:20', 0, 29.53, 93.06, 'Completed', '2026-04-05 15:09:55', 2, 26),
(17, 'admin', '00:00:07', 0, 28.05, 70, 'Completed', '2026-04-05 15:11:47', 2, 27),
(18, 'admin', '00:01:40', 0, 27.94, 68.94, 'Completed', '2026-04-05 15:13:31', 2, 28),
(19, 'admin', '00:00:05', 0, 27.8, 69, 'Completed', '2026-04-05 15:13:51', 2, 29),
(20, 'admin', '00:00:30', 0, 27.64, 68.8, 'Completed', '2026-04-05 15:16:06', 2, 30),
(21, 'admin', '00:00:06', 0, 27.5, 68, 'Completed', '2026-04-05 15:28:12', 2, 31),
(22, 'admin', '00:00:10', 0, 26.7, 73.33, 'Completed', '2026-04-05 16:01:42', 2, 32),
(23, 'admin', '00:00:10', 0, 26.7, 73, 'Completed', '2026-04-05 16:01:59', 2, 33),
(24, 'admin', '00:00:13', 0, 26.8, 72, 'Completed', '2026-04-05 16:04:43', 2, 34),
(25, 'admin', '00:00:08', 0, 26.8, 72, 'Completed', '2026-04-05 16:05:08', 2, 35),
(26, 'admin', '00:01:45', 0, 26.74, 76.54, 'Completed', '2026-04-05 16:07:15', 2, 36),
(27, 'admin', '00:00:20', 0, 31, 95, 'Completed & Dried', '2026-04-05 16:07:55', 2, 37),
(28, 'admin', '00:00:48', 0, 32.16, 95, 'Completed', '2026-04-05 16:08:23', 2, 37),
(29, 'admin', '00:00:01', 0, 0, 0, 'Completed & Dried', '2026-04-05 16:08:34', 2, 38),
(30, 'admin', '00:06:01', 0, 28.85, 93.69, 'Completed', '2026-04-05 16:14:34', 2, 38),
(31, 'admin', '00:00:40', 0, 26.9, 72.23, 'Completed', '2026-04-05 16:31:45', 2, 39),
(32, 'admin', '00:00:17', 0, 26.5, 73, 'Completed', '2026-04-05 16:37:50', 2, 40),
(33, 'admin', '00:00:21', 0, 26.5, 73, 'Completed', '2026-04-05 16:38:33', 2, 41),
(34, 'admin', '00:00:12', 0, 26.5, 74, 'Completed', '2026-04-05 16:40:01', 2, 42),
(35, 'admin', '00:05:11', 0, 32.1, 59.01, 'Completed', '2026-04-05 16:45:59', 2, 43),
(36, 'admin', '00:00:06', 0, 28.1, 64.5, 'Completed', '2026-04-05 16:54:50', 2, 44),
(37, 'admin', '00:00:07', 0, 26.3, 73, 'Completed', '2026-04-05 17:13:11', 2, 45),
(38, 'admin', '00:00:09', 0, 26.1, 73, 'Completed', '2026-04-05 17:23:40', 2, 46),
(39, 'admin', '00:00:19', 0, 26.1, 74, 'Completed', '2026-04-05 17:28:40', 2, 47);

-- --------------------------------------------------------

--
-- Table structure for table `drying_sessions`
--

CREATE TABLE `drying_sessions` (
  `session_id` int(11) NOT NULL,
  `user_id` int(11) NOT NULL,
  `start_time` datetime NOT NULL DEFAULT current_timestamp(),
  `end_time` datetime DEFAULT NULL,
  `set_temp` decimal(5,2) NOT NULL DEFAULT 45.00,
  `set_humidity` decimal(5,2) NOT NULL DEFAULT 25.00,
  `status` enum('Running','Completed','Interrupted') NOT NULL DEFAULT 'Running',
  `notes` text DEFAULT NULL
) ENGINE=InnoDB DEFAULT CHARSET=utf8mb4 COLLATE=utf8mb4_general_ci;

--
-- Dumping data for table `drying_sessions`
--

INSERT INTO `drying_sessions` (`session_id`, `user_id`, `start_time`, `end_time`, `set_temp`, `set_humidity`, `status`, `notes`) VALUES
(1, 23, '2026-04-03 08:00:00', '2026-04-03 08:18:00', 33.00, 30.00, 'Completed', NULL),
(2, 23, '2026-04-03 09:00:00', '2026-04-03 09:55:00', 34.00, 32.00, 'Completed', NULL),
(3, 23, '2026-04-03 10:00:00', '2026-04-03 10:42:00', 35.00, 31.00, 'Completed', NULL),
(4, 23, '2026-04-03 11:00:00', '2026-04-03 11:23:00', 32.00, 30.00, 'Completed', NULL),
(5, 23, '2026-04-03 12:00:00', '2026-04-03 12:33:00', 34.00, 29.00, 'Completed', NULL),
(8, 2, '2026-04-05 20:55:16', '2026-04-05 20:55:23', 50.00, 30.00, 'Interrupted', NULL),
(9, 2, '2026-04-05 20:55:23', '2026-04-05 20:55:37', 50.00, 30.00, 'Interrupted', NULL),
(10, 2, '2026-04-05 20:55:37', '2026-04-05 20:58:51', 50.00, 30.00, 'Interrupted', NULL),
(11, 2, '2026-04-05 20:58:51', '2026-04-05 21:03:01', 50.00, 30.00, 'Interrupted', NULL),
(12, 2, '2026-04-05 21:03:01', '2026-04-05 22:08:49', 50.00, 30.00, 'Interrupted', NULL),
(13, 2, '2026-04-05 22:08:49', '2026-04-05 22:09:58', 50.00, 30.00, 'Interrupted', NULL),
(14, 2, '2026-04-05 22:09:58', '2026-04-05 22:30:54', 50.00, 30.00, 'Interrupted', NULL),
(15, 2, '2026-04-05 22:30:54', '2026-04-05 22:31:02', 50.00, 30.00, 'Interrupted', NULL),
(16, 2, '2026-04-05 22:31:03', '2026-04-05 22:31:22', 50.00, 30.00, 'Interrupted', NULL),
(17, 2, '2026-04-05 22:31:22', '2026-04-05 22:33:12', 50.00, 30.00, 'Completed', NULL),
(18, 2, '2026-04-05 22:35:20', '2026-04-05 22:35:26', 65.00, 30.00, 'Completed', NULL),
(19, 2, '2026-04-05 22:35:29', '2026-04-05 22:35:34', 65.00, 30.00, 'Completed', NULL),
(20, 2, '2026-04-05 22:35:37', '2026-04-05 22:35:48', 65.00, 30.00, 'Completed', NULL),
(21, 2, '2026-04-05 22:37:37', '2026-04-05 22:37:46', 65.00, 30.00, 'Completed', NULL),
(22, 2, '2026-04-05 22:37:56', '2026-04-05 22:38:12', 65.00, 30.00, 'Completed', NULL),
(23, 2, '2026-04-05 22:40:06', '2026-04-05 22:40:19', 65.00, 30.00, 'Completed', NULL),
(24, 2, '2026-04-05 22:43:40', '2026-04-05 22:44:06', 50.00, 30.00, 'Completed', NULL),
(25, 2, '2026-04-05 22:58:33', '2026-04-05 23:01:50', 50.00, 30.00, 'Completed', NULL),
(26, 2, '2026-04-05 23:04:35', '2026-04-05 23:09:55', 30.00, 50.00, 'Completed', NULL),
(27, 2, '2026-04-05 23:11:40', '2026-04-05 23:11:47', 50.00, 30.00, 'Completed', NULL),
(28, 2, '2026-04-05 23:11:51', '2026-04-05 23:13:31', 50.00, 30.00, 'Completed', NULL),
(29, 2, '2026-04-05 23:13:46', '2026-04-05 23:13:51', 50.00, 30.00, 'Completed', NULL),
(30, 2, '2026-04-05 23:15:36', '2026-04-05 23:16:06', 30.00, 30.00, 'Completed', NULL),
(31, 2, '2026-04-05 23:28:06', '2026-04-05 23:28:12', 50.00, 30.00, 'Completed', NULL),
(32, 2, '2026-04-06 00:01:32', '2026-04-06 00:01:42', 50.00, 30.00, 'Completed', NULL),
(33, 2, '2026-04-06 00:01:49', '2026-04-06 00:01:59', 50.00, 30.00, 'Completed', NULL),
(34, 2, '2026-04-06 00:04:30', '2026-04-06 00:04:43', 50.00, 30.00, 'Completed', NULL),
(35, 2, '2026-04-06 00:05:00', '2026-04-06 00:05:08', 50.00, 30.00, 'Completed', NULL),
(36, 2, '2026-04-06 00:05:30', '2026-04-06 00:07:15', 50.00, 30.00, 'Completed', NULL),
(37, 2, '2026-04-06 00:07:35', '2026-04-06 00:08:23', 32.00, 30.00, 'Completed', NULL),
(38, 2, '2026-04-06 00:08:33', '2026-04-06 00:14:34', 30.00, 30.00, 'Completed', NULL),
(39, 2, '2026-04-06 00:31:05', '2026-04-06 00:31:45', 50.00, 30.00, 'Completed', NULL),
(40, 2, '2026-04-06 00:37:33', '2026-04-06 00:37:50', 50.00, 30.00, 'Completed', NULL),
(41, 2, '2026-04-06 00:38:12', '2026-04-06 00:38:33', 50.00, 30.00, 'Completed', NULL),
(42, 2, '2026-04-06 00:39:49', '2026-04-06 00:40:01', 50.00, 30.00, 'Completed', NULL),
(43, 2, '2026-04-06 00:40:48', '2026-04-06 00:45:59', 50.00, 30.00, 'Completed', NULL),
(44, 2, '2026-04-06 00:54:44', '2026-04-06 00:54:50', 50.00, 30.00, 'Completed', NULL),
(45, 2, '2026-04-06 01:13:04', '2026-04-06 01:13:11', 50.00, 30.00, 'Completed', NULL),
(46, 2, '2026-04-06 01:23:31', '2026-04-06 01:23:40', 50.00, 30.00, 'Completed', NULL),
(47, 2, '2026-04-06 01:28:21', '2026-04-06 01:28:40', 50.00, 30.00, 'Completed', NULL);

-- --------------------------------------------------------

--
-- Table structure for table `live_sensor_cache`
--

CREATE TABLE `live_sensor_cache` (
  `id` int(11) NOT NULL DEFAULT 1,
  `temperature` decimal(5,2) DEFAULT NULL COMMENT 'Latest temperature reading',
  `humidity` decimal(5,2) DEFAULT NULL COMMENT 'Latest humidity reading',
  `heater1_state` tinyint(1) DEFAULT 0 COMMENT 'Heater 1 state (0=OFF, 1=ON)',
  `heater2_state` tinyint(1) DEFAULT 0 COMMENT 'Heater 2 state (0=OFF, 1=ON)',
  `fan1_state` tinyint(1) DEFAULT 0 COMMENT 'Fan 1 state (0=OFF, 1=ON)',
  `fan2_state` tinyint(1) DEFAULT 0 COMMENT 'Fan 2 state (0=OFF, 1=ON)',
  `exhaust_state` tinyint(1) DEFAULT 0 COMMENT 'Exhaust state (0=OFF, 1=ON)',
  `phase` varchar(20) DEFAULT 'Idle' COMMENT 'Current phase (Idle, Heating, Drying, Cooldown)',
  `timestamp` datetime DEFAULT current_timestamp() ON UPDATE current_timestamp() COMMENT 'Last update time'
) ENGINE=InnoDB DEFAULT CHARSET=utf8mb4 COLLATE=utf8mb4_unicode_ci COMMENT='Cache for latest live sensor readings from Arduino';

--
-- Dumping data for table `live_sensor_cache`
--

INSERT INTO `live_sensor_cache` (`id`, `temperature`, `humidity`, `heater1_state`, `heater2_state`, `fan1_state`, `fan2_state`, `exhaust_state`, `phase`, `timestamp`) VALUES
(1, 26.10, 74.00, NULL, NULL, NULL, NULL, NULL, NULL, '2026-04-06 01:29:57');

-- --------------------------------------------------------

--
-- Table structure for table `sensor_readings`
--

CREATE TABLE `sensor_readings` (
  `id` int(11) NOT NULL,
  `temperature` decimal(5,2) NOT NULL,
  `humidity` decimal(5,2) NOT NULL,
  `session_id` int(11) DEFAULT NULL,
  `timestamp` datetime NOT NULL DEFAULT current_timestamp()
) ENGINE=InnoDB DEFAULT CHARSET=utf8mb4 COLLATE=utf8mb4_general_ci;

--
-- Dumping data for table `sensor_readings`
--

INSERT INTO `sensor_readings` (`id`, `temperature`, `humidity`, `session_id`, `timestamp`) VALUES
(1, 28.80, 56.00, 8, '2026-04-05 20:55:16'),
(2, 28.80, 56.00, 8, '2026-04-05 20:55:21'),
(3, 28.80, 56.00, 9, '2026-04-05 20:55:26'),
(4, 28.80, 56.00, 9, '2026-04-05 20:55:31'),
(5, 28.80, 56.00, 9, '2026-04-05 20:55:36'),
(6, 28.80, 56.00, 10, '2026-04-05 20:55:41'),
(7, 28.80, 56.00, 10, '2026-04-05 20:55:46'),
(8, 28.80, 56.00, 10, '2026-04-05 20:55:51'),
(9, 28.80, 56.00, 10, '2026-04-05 20:55:56'),
(10, 28.80, 56.00, 10, '2026-04-05 20:56:01'),
(11, 28.80, 56.00, 10, '2026-04-05 20:56:06'),
(12, 28.80, 56.00, 10, '2026-04-05 20:56:11'),
(13, 28.80, 56.00, 10, '2026-04-05 20:56:16'),
(14, 28.80, 56.00, 10, '2026-04-05 20:56:21'),
(15, 28.80, 56.00, 10, '2026-04-05 20:56:26'),
(16, 28.80, 56.00, 10, '2026-04-05 20:56:31'),
(17, 28.80, 56.00, 10, '2026-04-05 20:56:36'),
(18, 28.80, 56.00, 10, '2026-04-05 20:56:41'),
(19, 28.80, 56.00, 10, '2026-04-05 20:56:46'),
(20, 28.80, 56.00, 10, '2026-04-05 20:56:51'),
(21, 28.80, 56.00, 10, '2026-04-05 20:56:56'),
(22, 28.80, 56.00, 10, '2026-04-05 20:57:01'),
(23, 28.80, 56.00, 10, '2026-04-05 20:57:06'),
(24, 28.80, 56.00, 10, '2026-04-05 20:57:11'),
(25, 28.80, 56.00, 10, '2026-04-05 20:57:16'),
(26, 28.80, 56.00, 10, '2026-04-05 20:57:21'),
(27, 28.90, 56.00, 10, '2026-04-05 20:57:26'),
(28, 28.90, 56.00, 10, '2026-04-05 20:57:31'),
(29, 28.90, 56.00, 10, '2026-04-05 20:57:36'),
(30, 28.90, 56.00, 10, '2026-04-05 20:57:41'),
(31, 28.90, 56.00, 10, '2026-04-05 20:57:46'),
(32, 28.90, 56.00, 10, '2026-04-05 20:57:51'),
(33, 28.90, 56.00, 10, '2026-04-05 20:57:56'),
(34, 28.90, 56.00, 10, '2026-04-05 20:58:01'),
(35, 28.90, 56.00, 10, '2026-04-05 20:58:06'),
(36, 28.90, 56.00, 10, '2026-04-05 20:58:11'),
(37, 28.90, 56.00, 10, '2026-04-05 20:58:16'),
(38, 28.90, 56.00, 10, '2026-04-05 20:58:21'),
(39, 28.90, 56.00, 10, '2026-04-05 20:58:26'),
(40, 28.90, 55.00, 10, '2026-04-05 20:58:31'),
(41, 28.90, 55.00, 10, '2026-04-05 20:58:36'),
(42, 28.90, 55.00, 10, '2026-04-05 20:58:41'),
(43, 28.90, 55.00, 10, '2026-04-05 20:58:46'),
(44, 28.90, 55.00, 10, '2026-04-05 20:58:51'),
(45, 28.90, 55.00, 11, '2026-04-05 20:58:56'),
(46, 28.90, 55.00, 11, '2026-04-05 20:59:01'),
(47, 28.90, 55.00, 11, '2026-04-05 20:59:06'),
(48, 28.90, 55.00, 11, '2026-04-05 20:59:11'),
(49, 28.90, 55.00, 11, '2026-04-05 20:59:16'),
(50, 28.90, 55.00, 11, '2026-04-05 20:59:21'),
(51, 28.90, 55.00, 11, '2026-04-05 20:59:26'),
(52, 28.90, 55.00, 11, '2026-04-05 20:59:31'),
(53, 28.90, 55.00, 11, '2026-04-05 20:59:36'),
(54, 28.90, 55.00, 11, '2026-04-05 20:59:41'),
(55, 28.90, 56.00, 11, '2026-04-05 20:59:46'),
(56, 28.90, 56.00, 11, '2026-04-05 20:59:51'),
(57, 28.90, 56.00, 11, '2026-04-05 20:59:56'),
(58, 28.90, 56.00, 11, '2026-04-05 21:00:01'),
(59, 28.90, 56.00, 11, '2026-04-05 21:00:06'),
(60, 28.90, 56.00, 11, '2026-04-05 21:00:11'),
(61, 28.90, 56.00, 11, '2026-04-05 21:00:16'),
(62, 28.90, 56.00, 11, '2026-04-05 21:00:21'),
(63, 28.90, 56.00, 11, '2026-04-05 21:00:26'),
(64, 28.90, 56.00, 11, '2026-04-05 21:00:31'),
(65, 28.90, 55.00, 11, '2026-04-05 21:00:36'),
(66, 28.90, 55.00, 11, '2026-04-05 21:00:41'),
(67, 28.90, 55.00, 11, '2026-04-05 21:00:46'),
(68, 28.90, 55.00, 11, '2026-04-05 21:00:51'),
(69, 28.90, 55.00, 11, '2026-04-05 21:00:56'),
(70, 28.90, 55.00, 11, '2026-04-05 21:01:01'),
(71, 28.90, 55.00, 11, '2026-04-05 21:01:06'),
(72, 28.90, 55.00, 11, '2026-04-05 21:01:11'),
(73, 28.90, 55.00, 11, '2026-04-05 21:01:16'),
(74, 28.90, 55.00, 11, '2026-04-05 21:01:21'),
(75, 28.90, 55.00, 11, '2026-04-05 21:01:26'),
(76, 28.90, 55.00, 11, '2026-04-05 21:01:31'),
(77, 28.90, 55.00, 11, '2026-04-05 21:01:36'),
(78, 28.90, 55.00, 11, '2026-04-05 21:01:41'),
(79, 28.90, 55.00, 11, '2026-04-05 21:01:46'),
(80, 28.90, 55.00, 11, '2026-04-05 21:01:51'),
(81, 28.90, 55.00, 11, '2026-04-05 21:01:56'),
(82, 28.90, 55.00, 11, '2026-04-05 21:02:01'),
(83, 28.90, 55.00, 11, '2026-04-05 21:02:06'),
(84, 28.90, 55.00, 11, '2026-04-05 21:02:11'),
(85, 29.00, 55.00, 11, '2026-04-05 21:02:16'),
(86, 29.00, 55.00, 11, '2026-04-05 21:02:21'),
(87, 29.00, 55.00, 11, '2026-04-05 21:02:26'),
(88, 29.00, 55.00, 11, '2026-04-05 21:02:31'),
(89, 29.00, 55.00, 11, '2026-04-05 21:02:36'),
(90, 29.00, 55.00, 11, '2026-04-05 21:02:41'),
(91, 29.00, 55.00, 11, '2026-04-05 21:02:46'),
(92, 29.00, 55.00, 11, '2026-04-05 21:02:51'),
(93, 29.00, 55.00, 11, '2026-04-05 21:02:56'),
(94, 29.00, 55.00, 12, '2026-04-05 21:03:01'),
(95, 29.00, 55.00, 12, '2026-04-05 21:03:06'),
(96, 29.00, 55.00, 12, '2026-04-05 21:03:11'),
(97, 29.00, 55.00, 12, '2026-04-05 21:03:16'),
(98, 29.00, 55.00, 12, '2026-04-05 21:03:21'),
(99, 29.00, 55.00, 12, '2026-04-05 21:03:26'),
(100, 29.00, 55.00, 12, '2026-04-05 21:03:31'),
(101, 29.00, 55.00, 12, '2026-04-05 21:03:36'),
(102, 29.00, 55.00, 12, '2026-04-05 21:03:41'),
(103, 29.00, 55.00, 12, '2026-04-05 21:03:46'),
(104, 29.00, 55.00, 12, '2026-04-05 21:03:51'),
(105, 29.00, 55.00, 12, '2026-04-05 21:03:56'),
(106, 29.00, 55.00, 12, '2026-04-05 21:04:01'),
(107, 29.00, 55.00, 12, '2026-04-05 21:04:06'),
(108, 29.00, 55.00, 12, '2026-04-05 21:04:11'),
(109, 29.00, 55.00, 12, '2026-04-05 21:04:16'),
(110, 29.00, 55.00, 12, '2026-04-05 21:04:21'),
(111, 29.00, 55.00, 12, '2026-04-05 21:04:26'),
(112, 29.00, 55.00, 12, '2026-04-05 21:04:31'),
(113, 28.40, 56.00, 12, '2026-04-05 21:51:23'),
(114, 28.40, 56.00, 12, '2026-04-05 21:51:28'),
(115, 28.40, 56.00, 12, '2026-04-05 21:51:36'),
(116, 28.40, 56.00, 12, '2026-04-05 21:51:41'),
(117, 28.40, 56.00, 12, '2026-04-05 21:51:46'),
(118, 28.40, 56.00, 12, '2026-04-05 21:51:51'),
(119, 28.40, 56.00, 12, '2026-04-05 21:51:56'),
(120, 28.40, 56.00, 12, '2026-04-05 21:52:01'),
(121, 28.40, 56.00, 12, '2026-04-05 21:52:06'),
(122, 28.40, 56.00, 12, '2026-04-05 21:52:11'),
(123, 28.40, 56.00, 12, '2026-04-05 21:52:16'),
(124, 28.40, 56.00, 12, '2026-04-05 21:52:21'),
(125, 28.40, 56.00, 12, '2026-04-05 21:52:26'),
(126, 28.40, 56.00, 12, '2026-04-05 21:52:31'),
(127, 28.40, 56.00, 12, '2026-04-05 21:52:36'),
(128, 28.40, 56.00, 12, '2026-04-05 21:52:41'),
(129, 28.40, 56.00, 12, '2026-04-05 21:52:46'),
(130, 28.40, 56.00, 12, '2026-04-05 21:52:51'),
(131, 28.40, 56.00, 12, '2026-04-05 21:52:56'),
(132, 28.40, 56.00, 12, '2026-04-05 21:53:01'),
(133, 28.30, 56.00, 12, '2026-04-05 21:53:06'),
(134, 28.40, 56.00, 12, '2026-04-05 21:53:11'),
(135, 28.40, 56.00, 12, '2026-04-05 21:53:16'),
(136, 28.30, 56.00, 12, '2026-04-05 21:53:21'),
(137, 28.30, 56.00, 12, '2026-04-05 21:53:26'),
(138, 28.30, 56.00, 12, '2026-04-05 21:53:31'),
(139, 28.30, 56.00, 12, '2026-04-05 21:53:36'),
(140, 28.30, 56.00, 12, '2026-04-05 21:53:41'),
(141, 28.30, 56.00, 12, '2026-04-05 21:53:46'),
(142, 28.30, 56.00, 12, '2026-04-05 21:53:51'),
(143, 28.30, 56.00, 12, '2026-04-05 21:53:56'),
(144, 28.30, 56.00, 12, '2026-04-05 21:54:01'),
(145, 28.30, 56.00, 12, '2026-04-05 21:54:06'),
(146, 28.30, 56.00, 12, '2026-04-05 21:54:11'),
(147, 28.30, 56.00, 12, '2026-04-05 21:54:16'),
(148, 28.30, 56.00, 12, '2026-04-05 21:54:21'),
(149, 28.30, 56.00, 12, '2026-04-05 21:54:26'),
(150, 28.30, 56.00, 12, '2026-04-05 21:54:31'),
(151, 28.30, 56.00, 12, '2026-04-05 21:54:36'),
(152, 28.30, 56.00, 12, '2026-04-05 21:54:41'),
(153, 28.30, 56.00, 12, '2026-04-05 21:54:46'),
(154, 28.30, 56.00, 12, '2026-04-05 21:54:51'),
(155, 28.30, 56.00, 12, '2026-04-05 21:54:56'),
(156, 28.30, 56.00, 12, '2026-04-05 21:55:01'),
(157, 28.30, 56.00, 12, '2026-04-05 21:55:06'),
(158, 28.30, 56.00, 12, '2026-04-05 21:55:11'),
(159, 28.30, 56.00, 12, '2026-04-05 21:55:16'),
(160, 28.30, 56.00, 12, '2026-04-05 21:55:21'),
(161, 28.30, 56.00, 12, '2026-04-05 21:55:26'),
(162, 28.30, 56.00, 12, '2026-04-05 21:55:31'),
(163, 28.30, 56.00, 12, '2026-04-05 21:55:36'),
(164, 28.30, 56.00, 12, '2026-04-05 21:55:41'),
(165, 28.30, 56.00, 12, '2026-04-05 21:55:46'),
(166, 28.30, 56.00, 12, '2026-04-05 21:55:51'),
(167, 28.30, 56.00, 12, '2026-04-05 21:55:56'),
(168, 28.30, 56.00, 12, '2026-04-05 21:56:01'),
(169, 28.30, 56.00, 12, '2026-04-05 21:56:06'),
(170, 28.30, 56.00, 12, '2026-04-05 21:56:11'),
(171, 28.30, 56.00, 12, '2026-04-05 21:56:16'),
(172, 28.30, 56.00, 12, '2026-04-05 21:56:21'),
(173, 28.30, 56.00, 12, '2026-04-05 21:56:26'),
(174, 28.30, 56.00, 12, '2026-04-05 21:56:31'),
(175, 28.30, 56.00, 12, '2026-04-05 21:56:36'),
(176, 28.30, 56.00, 12, '2026-04-05 21:56:41'),
(177, 28.30, 56.00, 12, '2026-04-05 21:56:46'),
(178, 28.30, 56.00, 12, '2026-04-05 21:56:51'),
(179, 28.30, 57.00, 12, '2026-04-05 21:56:56'),
(180, 28.30, 57.00, 12, '2026-04-05 21:57:01'),
(181, 28.20, 57.00, 12, '2026-04-05 21:57:06'),
(182, 28.20, 57.00, 12, '2026-04-05 21:57:11'),
(183, 28.20, 56.00, 12, '2026-04-05 21:57:16'),
(184, 28.20, 56.00, 12, '2026-04-05 21:57:21'),
(185, 28.20, 56.00, 12, '2026-04-05 21:57:26'),
(186, 28.20, 56.00, 12, '2026-04-05 21:57:31'),
(187, 28.20, 56.00, 12, '2026-04-05 21:57:36'),
(188, 28.20, 56.00, 12, '2026-04-05 21:57:41'),
(189, 28.20, 56.00, 12, '2026-04-05 21:57:46'),
(190, 28.20, 56.00, 12, '2026-04-05 21:57:51'),
(191, 28.20, 57.00, 12, '2026-04-05 21:57:56'),
(192, 28.20, 56.00, 12, '2026-04-05 21:58:01'),
(193, 28.20, 57.00, 12, '2026-04-05 21:58:06'),
(194, 28.20, 57.00, 12, '2026-04-05 21:58:11'),
(195, 28.20, 57.00, 12, '2026-04-05 21:58:16'),
(196, 28.20, 57.00, 12, '2026-04-05 21:58:21'),
(197, 28.20, 57.00, 12, '2026-04-05 21:58:26'),
(198, 28.20, 57.00, 12, '2026-04-05 21:58:31'),
(199, 28.20, 57.00, 12, '2026-04-05 21:58:36'),
(200, 28.20, 57.00, 12, '2026-04-05 21:58:41'),
(201, 28.20, 57.00, 12, '2026-04-05 21:58:46'),
(202, 28.20, 57.00, 12, '2026-04-05 21:58:51'),
(203, 28.20, 57.00, 12, '2026-04-05 21:58:56'),
(204, 28.20, 57.00, 12, '2026-04-05 21:59:01'),
(205, 28.20, 57.00, 12, '2026-04-05 21:59:06'),
(206, 28.20, 57.00, 12, '2026-04-05 21:59:11'),
(207, 28.20, 57.00, 12, '2026-04-05 21:59:16'),
(208, 28.20, 57.00, 12, '2026-04-05 21:59:21'),
(209, 28.20, 57.00, 12, '2026-04-05 21:59:26'),
(210, 28.20, 57.00, 12, '2026-04-05 21:59:31'),
(211, 28.20, 57.00, 12, '2026-04-05 21:59:36'),
(212, 28.20, 57.00, 12, '2026-04-05 21:59:41'),
(213, 28.20, 57.00, 12, '2026-04-05 21:59:46'),
(214, 28.10, 57.00, 12, '2026-04-05 21:59:51'),
(215, 28.10, 57.00, 12, '2026-04-05 21:59:56'),
(216, 28.10, 57.00, 12, '2026-04-05 22:00:01'),
(217, 28.10, 57.00, 12, '2026-04-05 22:00:06'),
(218, 28.10, 57.00, 12, '2026-04-05 22:00:11'),
(219, 28.10, 57.00, 12, '2026-04-05 22:00:16'),
(220, 28.10, 57.00, 12, '2026-04-05 22:00:21'),
(221, 28.10, 57.00, 12, '2026-04-05 22:00:26'),
(222, 28.10, 57.00, 12, '2026-04-05 22:00:31'),
(223, 28.10, 57.00, 12, '2026-04-05 22:00:36'),
(224, 28.10, 57.00, 12, '2026-04-05 22:00:41'),
(225, 28.10, 57.00, 12, '2026-04-05 22:00:46'),
(226, 28.10, 57.00, 12, '2026-04-05 22:00:51'),
(227, 28.10, 57.00, 12, '2026-04-05 22:00:56'),
(228, 28.10, 57.00, 12, '2026-04-05 22:01:01'),
(229, 28.10, 57.00, 12, '2026-04-05 22:01:06'),
(230, 28.10, 57.00, 12, '2026-04-05 22:01:11'),
(231, 28.10, 57.00, 12, '2026-04-05 22:01:16'),
(232, 28.10, 57.00, 12, '2026-04-05 22:01:21'),
(233, 28.10, 57.00, 12, '2026-04-05 22:01:26'),
(234, 28.10, 57.00, 12, '2026-04-05 22:01:31'),
(235, 28.10, 57.00, 12, '2026-04-05 22:01:36'),
(236, 28.10, 57.00, 12, '2026-04-05 22:01:41'),
(237, 28.10, 57.00, 12, '2026-04-05 22:01:46'),
(238, 28.10, 57.00, 12, '2026-04-05 22:01:51'),
(239, 28.10, 57.00, 12, '2026-04-05 22:01:56'),
(240, 28.10, 57.00, 12, '2026-04-05 22:02:01'),
(241, 28.10, 57.00, 12, '2026-04-05 22:02:06'),
(242, 28.10, 57.00, 12, '2026-04-05 22:02:11'),
(243, 28.10, 57.00, 12, '2026-04-05 22:02:16'),
(244, 28.10, 57.00, 12, '2026-04-05 22:02:21'),
(245, 28.10, 58.00, 12, '2026-04-05 22:02:26'),
(246, 28.10, 58.00, 12, '2026-04-05 22:02:31'),
(247, 28.10, 58.00, 12, '2026-04-05 22:02:36'),
(248, 28.10, 58.00, 12, '2026-04-05 22:02:41'),
(249, 28.10, 58.00, 12, '2026-04-05 22:02:46'),
(250, 28.10, 58.00, 12, '2026-04-05 22:02:51'),
(251, 28.10, 58.00, 12, '2026-04-05 22:02:56'),
(252, 28.10, 58.00, 12, '2026-04-05 22:03:01'),
(253, 28.10, 58.00, 12, '2026-04-05 22:03:06'),
(254, 28.10, 58.00, 12, '2026-04-05 22:03:11'),
(255, 28.10, 57.00, 12, '2026-04-05 22:03:16'),
(256, 28.10, 57.00, 12, '2026-04-05 22:03:21'),
(257, 28.10, 57.00, 12, '2026-04-05 22:03:26'),
(258, 28.10, 57.00, 12, '2026-04-05 22:03:31'),
(259, 28.10, 57.00, 12, '2026-04-05 22:03:36'),
(260, 28.10, 57.00, 12, '2026-04-05 22:03:41'),
(261, 28.10, 57.00, 12, '2026-04-05 22:03:46'),
(262, 28.10, 57.00, 12, '2026-04-05 22:03:51'),
(263, 28.10, 57.00, 12, '2026-04-05 22:03:56'),
(264, 28.10, 57.00, 12, '2026-04-05 22:04:01'),
(265, 28.10, 57.00, 12, '2026-04-05 22:04:06'),
(266, 28.10, 57.00, 12, '2026-04-05 22:04:11'),
(267, 28.10, 57.00, 12, '2026-04-05 22:04:16'),
(268, 28.10, 57.00, 12, '2026-04-05 22:04:21'),
(269, 28.10, 57.00, 12, '2026-04-05 22:04:26'),
(270, 28.10, 57.00, 12, '2026-04-05 22:04:31'),
(271, 28.10, 57.00, 12, '2026-04-05 22:04:36'),
(272, 28.10, 57.00, 12, '2026-04-05 22:04:41'),
(273, 28.10, 57.00, 12, '2026-04-05 22:04:46'),
(274, 28.10, 57.00, 12, '2026-04-05 22:04:51'),
(275, 28.10, 57.00, 12, '2026-04-05 22:04:56'),
(276, 28.10, 57.00, 12, '2026-04-05 22:05:01'),
(277, 28.10, 57.00, 12, '2026-04-05 22:05:06'),
(278, 28.10, 57.00, 12, '2026-04-05 22:05:11'),
(279, 28.10, 57.00, 12, '2026-04-05 22:05:16'),
(280, 28.10, 57.00, 12, '2026-04-05 22:05:21'),
(281, 28.10, 57.00, 12, '2026-04-05 22:05:26'),
(282, 28.10, 57.00, 12, '2026-04-05 22:05:31'),
(283, 28.10, 57.00, 12, '2026-04-05 22:05:36'),
(284, 28.10, 57.00, 12, '2026-04-05 22:05:41'),
(285, 28.10, 57.00, 12, '2026-04-05 22:05:46'),
(286, 28.10, 57.00, 12, '2026-04-05 22:05:51'),
(287, 28.10, 57.00, 12, '2026-04-05 22:05:56'),
(288, 28.10, 57.00, 12, '2026-04-05 22:06:01'),
(289, 28.10, 57.00, 12, '2026-04-05 22:06:06'),
(290, 28.10, 57.00, 12, '2026-04-05 22:06:11'),
(291, 28.10, 57.00, 12, '2026-04-05 22:06:16'),
(292, 28.10, 57.00, 12, '2026-04-05 22:06:21'),
(293, 28.10, 57.00, 12, '2026-04-05 22:06:26'),
(294, 28.10, 57.00, 12, '2026-04-05 22:06:31'),
(295, 28.10, 57.00, 12, '2026-04-05 22:06:36'),
(296, 28.10, 57.00, 12, '2026-04-05 22:06:41'),
(297, 28.10, 57.00, 12, '2026-04-05 22:06:46'),
(298, 28.10, 57.00, 12, '2026-04-05 22:06:51'),
(299, 28.10, 57.00, 12, '2026-04-05 22:06:56'),
(300, 28.10, 57.00, 12, '2026-04-05 22:07:01'),
(301, 28.10, 57.00, 12, '2026-04-05 22:07:06'),
(302, 28.10, 57.00, 12, '2026-04-05 22:07:11'),
(303, 28.10, 57.00, 12, '2026-04-05 22:07:16'),
(304, 28.10, 57.00, 12, '2026-04-05 22:07:21'),
(305, 28.10, 57.00, 12, '2026-04-05 22:07:26'),
(306, 28.10, 57.00, 12, '2026-04-05 22:07:31'),
(307, 28.10, 57.00, 12, '2026-04-05 22:07:36'),
(308, 28.10, 57.00, 12, '2026-04-05 22:07:41'),
(309, 28.10, 57.00, 12, '2026-04-05 22:07:46'),
(310, 28.10, 57.00, 12, '2026-04-05 22:07:51'),
(311, 28.10, 57.00, 12, '2026-04-05 22:07:56'),
(312, 28.10, 57.00, 12, '2026-04-05 22:08:01'),
(313, 28.10, 57.00, 12, '2026-04-05 22:08:06'),
(314, 28.10, 57.00, 12, '2026-04-05 22:08:11'),
(315, 28.10, 57.00, 12, '2026-04-05 22:08:16'),
(316, 28.10, 57.00, 12, '2026-04-05 22:08:21'),
(317, 28.10, 57.00, 12, '2026-04-05 22:08:26'),
(318, 28.10, 57.00, 12, '2026-04-05 22:08:31'),
(319, 28.10, 57.00, 12, '2026-04-05 22:08:36'),
(320, 28.00, 57.00, 12, '2026-04-05 22:08:41'),
(321, 28.00, 57.00, 12, '2026-04-05 22:08:46'),
(322, 28.10, 57.00, 13, '2026-04-05 22:08:51'),
(323, 28.00, 57.00, 13, '2026-04-05 22:08:56'),
(324, 28.10, 57.00, 13, '2026-04-05 22:09:01'),
(325, 28.00, 57.00, 13, '2026-04-05 22:09:06'),
(326, 28.00, 57.00, 13, '2026-04-05 22:09:11'),
(327, 28.00, 57.00, 13, '2026-04-05 22:09:16'),
(328, 28.00, 57.00, 13, '2026-04-05 22:09:21'),
(329, 28.00, 57.00, 13, '2026-04-05 22:09:26'),
(330, 28.00, 57.00, 13, '2026-04-05 22:09:31'),
(331, 28.00, 57.00, 13, '2026-04-05 22:09:36'),
(332, 28.00, 57.00, 13, '2026-04-05 22:09:41'),
(333, 28.00, 57.00, 13, '2026-04-05 22:09:46'),
(334, 28.00, 57.00, 13, '2026-04-05 22:09:51'),
(335, 28.00, 57.00, 13, '2026-04-05 22:09:56'),
(336, 28.00, 57.00, 14, '2026-04-05 22:10:01'),
(337, 28.00, 57.00, 14, '2026-04-05 22:10:06'),
(338, 28.00, 57.00, 14, '2026-04-05 22:10:11'),
(339, 28.00, 57.00, 14, '2026-04-05 22:10:16'),
(340, 28.00, 57.00, 14, '2026-04-05 22:10:21'),
(341, 28.00, 57.00, 14, '2026-04-05 22:10:26'),
(342, 28.00, 57.00, 14, '2026-04-05 22:10:31'),
(343, 28.00, 57.00, 14, '2026-04-05 22:10:36'),
(344, 28.00, 57.00, 14, '2026-04-05 22:10:41'),
(345, 28.00, 57.00, 14, '2026-04-05 22:10:46'),
(346, 28.00, 57.00, 14, '2026-04-05 22:10:51'),
(347, 28.00, 57.00, 14, '2026-04-05 22:10:56'),
(348, 28.00, 57.00, 14, '2026-04-05 22:11:01'),
(349, 28.00, 57.00, 14, '2026-04-05 22:11:06'),
(350, 28.00, 57.00, 14, '2026-04-05 22:11:11'),
(351, 28.00, 57.00, 14, '2026-04-05 22:11:16'),
(352, 28.00, 57.00, 14, '2026-04-05 22:11:21'),
(353, 28.00, 57.00, 14, '2026-04-05 22:11:26'),
(354, 28.00, 57.00, 14, '2026-04-05 22:11:31'),
(355, 28.00, 57.00, 14, '2026-04-05 22:11:36'),
(356, 28.00, 57.00, 14, '2026-04-05 22:11:41'),
(357, 28.00, 57.00, 14, '2026-04-05 22:11:46'),
(358, 28.00, 57.00, 14, '2026-04-05 22:11:51'),
(359, 28.00, 57.00, 14, '2026-04-05 22:11:56'),
(360, 28.00, 57.00, 14, '2026-04-05 22:12:01'),
(361, 28.00, 57.00, 14, '2026-04-05 22:12:06'),
(362, 28.00, 57.00, 14, '2026-04-05 22:12:11'),
(363, 28.00, 57.00, 14, '2026-04-05 22:12:16'),
(364, 28.00, 57.00, 14, '2026-04-05 22:12:21'),
(365, 28.00, 57.00, 14, '2026-04-05 22:12:26'),
(366, 28.00, 57.00, 14, '2026-04-05 22:12:31'),
(367, 28.00, 57.00, 14, '2026-04-05 22:12:36'),
(368, 28.00, 57.00, 14, '2026-04-05 22:12:41'),
(369, 28.00, 57.00, 14, '2026-04-05 22:12:46'),
(370, 28.00, 57.00, 14, '2026-04-05 22:12:51'),
(371, 28.00, 57.00, 14, '2026-04-05 22:12:56'),
(372, 28.00, 57.00, 14, '2026-04-05 22:13:01'),
(373, 28.00, 57.00, 14, '2026-04-05 22:13:06'),
(374, 28.00, 57.00, 14, '2026-04-05 22:13:11'),
(375, 28.00, 57.00, 14, '2026-04-05 22:13:16'),
(376, 28.00, 57.00, 14, '2026-04-05 22:13:21'),
(377, 28.00, 57.00, 14, '2026-04-05 22:13:26'),
(378, 28.00, 57.00, 14, '2026-04-05 22:13:31'),
(379, 28.00, 57.00, 14, '2026-04-05 22:13:36'),
(380, 28.00, 57.00, 14, '2026-04-05 22:13:41'),
(381, 28.00, 57.00, 14, '2026-04-05 22:13:46'),
(382, 28.00, 58.00, 14, '2026-04-05 22:13:51'),
(383, 28.00, 58.00, 14, '2026-04-05 22:13:56'),
(384, 28.00, 58.00, 14, '2026-04-05 22:14:01'),
(385, 28.00, 58.00, 14, '2026-04-05 22:14:06'),
(386, 28.00, 58.00, 14, '2026-04-05 22:14:11'),
(387, 28.00, 58.00, 14, '2026-04-05 22:14:16'),
(388, 28.00, 58.00, 14, '2026-04-05 22:14:21'),
(389, 28.00, 58.00, 14, '2026-04-05 22:14:26'),
(390, 28.00, 58.00, 14, '2026-04-05 22:14:31'),
(391, 28.00, 58.00, 14, '2026-04-05 22:14:36'),
(392, 28.00, 58.00, 14, '2026-04-05 22:14:41'),
(393, 28.00, 58.00, 14, '2026-04-05 22:14:46'),
(394, 28.00, 58.00, 14, '2026-04-05 22:14:51'),
(395, 28.00, 58.00, 14, '2026-04-05 22:14:56'),
(396, 28.00, 58.00, 14, '2026-04-05 22:15:01'),
(397, 28.00, 58.00, 14, '2026-04-05 22:15:06'),
(398, 28.00, 58.00, 14, '2026-04-05 22:15:11'),
(399, 28.00, 58.00, 14, '2026-04-05 22:15:16'),
(400, 28.00, 58.00, 14, '2026-04-05 22:15:21'),
(401, 28.00, 58.00, 14, '2026-04-05 22:15:26'),
(402, 28.00, 58.00, 14, '2026-04-05 22:15:31'),
(403, 28.00, 58.00, 14, '2026-04-05 22:15:36'),
(404, 28.00, 58.00, 14, '2026-04-05 22:15:41'),
(405, 28.00, 58.00, 14, '2026-04-05 22:15:46'),
(406, 28.00, 58.00, 14, '2026-04-05 22:15:51'),
(407, 28.00, 58.00, 14, '2026-04-05 22:15:56'),
(408, 28.00, 58.00, 14, '2026-04-05 22:16:01'),
(409, 28.00, 58.00, 14, '2026-04-05 22:16:06'),
(410, 28.00, 58.00, 14, '2026-04-05 22:16:11'),
(411, 28.00, 58.00, 14, '2026-04-05 22:16:16'),
(412, 28.00, 58.00, 14, '2026-04-05 22:16:21'),
(413, 28.00, 58.00, 14, '2026-04-05 22:16:26'),
(414, 28.00, 58.00, 14, '2026-04-05 22:16:31'),
(415, 28.00, 58.00, 14, '2026-04-05 22:16:36'),
(416, 28.00, 58.00, 14, '2026-04-05 22:16:41'),
(417, 28.00, 58.00, 14, '2026-04-05 22:16:46'),
(418, 28.00, 58.00, 14, '2026-04-05 22:16:51'),
(419, 28.00, 58.00, 14, '2026-04-05 22:16:56'),
(420, 28.00, 58.00, 14, '2026-04-05 22:17:01'),
(421, 28.00, 58.00, 14, '2026-04-05 22:17:06'),
(422, 28.00, 58.00, 14, '2026-04-05 22:17:11'),
(423, 28.00, 58.00, 14, '2026-04-05 22:17:16'),
(424, 28.00, 58.00, 14, '2026-04-05 22:17:21'),
(425, 28.00, 58.00, 14, '2026-04-05 22:17:26'),
(426, 28.00, 58.00, 14, '2026-04-05 22:17:31'),
(427, 28.00, 58.00, 14, '2026-04-05 22:17:36'),
(428, 28.00, 58.00, 14, '2026-04-05 22:17:41'),
(429, 28.00, 58.00, 14, '2026-04-05 22:17:46'),
(430, 28.00, 58.00, 14, '2026-04-05 22:17:51'),
(431, 28.00, 58.00, 14, '2026-04-05 22:17:56'),
(432, 28.00, 58.00, 14, '2026-04-05 22:18:01'),
(433, 28.00, 58.00, 14, '2026-04-05 22:18:06'),
(434, 28.00, 58.00, 14, '2026-04-05 22:18:11'),
(435, 28.00, 58.00, 14, '2026-04-05 22:18:16'),
(436, 28.00, 58.00, 14, '2026-04-05 22:18:21'),
(437, 28.00, 58.00, 14, '2026-04-05 22:18:26'),
(438, 28.00, 58.00, 14, '2026-04-05 22:18:31'),
(439, 28.00, 58.00, 14, '2026-04-05 22:18:36'),
(440, 28.00, 58.00, 14, '2026-04-05 22:18:41'),
(441, 28.00, 58.00, 14, '2026-04-05 22:18:46'),
(442, 28.00, 58.00, 14, '2026-04-05 22:18:51'),
(443, 28.00, 58.00, 14, '2026-04-05 22:18:56'),
(444, 28.00, 58.00, 14, '2026-04-05 22:19:01'),
(445, 28.00, 58.00, 14, '2026-04-05 22:19:06'),
(446, 28.00, 58.00, 14, '2026-04-05 22:19:11'),
(447, 28.00, 58.00, 14, '2026-04-05 22:19:16'),
(448, 28.00, 58.00, 14, '2026-04-05 22:19:21'),
(449, 28.00, 58.00, 14, '2026-04-05 22:19:26'),
(450, 28.00, 58.00, 14, '2026-04-05 22:19:31'),
(451, 28.00, 58.00, 14, '2026-04-05 22:19:36'),
(452, 28.00, 58.00, 14, '2026-04-05 22:19:41'),
(453, 28.00, 58.00, 14, '2026-04-05 22:19:46'),
(454, 28.00, 58.00, 14, '2026-04-05 22:19:51'),
(455, 28.00, 58.00, 14, '2026-04-05 22:19:56'),
(456, 28.00, 58.00, 14, '2026-04-05 22:20:01'),
(457, 28.00, 58.00, 14, '2026-04-05 22:20:06'),
(458, 28.00, 58.00, 14, '2026-04-05 22:20:11'),
(459, 28.00, 58.00, 14, '2026-04-05 22:20:16'),
(460, 28.00, 58.00, 14, '2026-04-05 22:20:21'),
(461, 28.00, 58.00, 14, '2026-04-05 22:20:26'),
(462, 28.00, 58.00, 14, '2026-04-05 22:20:31'),
(463, 28.00, 58.00, 14, '2026-04-05 22:20:36'),
(464, 28.00, 58.00, 14, '2026-04-05 22:20:41'),
(465, 28.00, 58.00, 14, '2026-04-05 22:20:46'),
(466, 28.00, 58.00, 14, '2026-04-05 22:20:51'),
(467, 28.00, 58.00, 14, '2026-04-05 22:20:56'),
(468, 28.00, 58.00, 14, '2026-04-05 22:21:01'),
(469, 28.00, 58.00, 14, '2026-04-05 22:21:06'),
(470, 28.00, 58.00, 14, '2026-04-05 22:21:11'),
(471, 28.00, 58.00, 14, '2026-04-05 22:21:16'),
(472, 28.00, 57.00, 14, '2026-04-05 22:21:21'),
(473, 28.00, 57.00, 14, '2026-04-05 22:21:26'),
(474, 28.00, 57.00, 14, '2026-04-05 22:21:31'),
(475, 28.00, 57.00, 14, '2026-04-05 22:21:36'),
(476, 28.00, 58.00, 14, '2026-04-05 22:21:41'),
(477, 28.00, 58.00, 14, '2026-04-05 22:21:46'),
(478, 28.00, 58.00, 14, '2026-04-05 22:21:51'),
(479, 28.00, 58.00, 14, '2026-04-05 22:21:56'),
(480, 28.00, 58.00, 14, '2026-04-05 22:22:01'),
(481, 28.00, 57.00, 14, '2026-04-05 22:22:06'),
(482, 27.90, 57.00, 14, '2026-04-05 22:22:11'),
(483, 27.90, 57.00, 14, '2026-04-05 22:22:16'),
(484, 27.90, 57.00, 14, '2026-04-05 22:22:21'),
(485, 27.90, 57.00, 14, '2026-04-05 22:22:26'),
(486, 27.90, 57.00, 14, '2026-04-05 22:22:31'),
(487, 27.90, 57.00, 14, '2026-04-05 22:22:36'),
(488, 27.90, 57.00, 14, '2026-04-05 22:22:41'),
(489, 27.90, 57.00, 14, '2026-04-05 22:22:46'),
(490, 27.90, 57.00, 14, '2026-04-05 22:22:51'),
(491, 27.90, 58.00, 14, '2026-04-05 22:22:56'),
(492, 27.90, 58.00, 14, '2026-04-05 22:23:01'),
(493, 27.90, 58.00, 14, '2026-04-05 22:23:06'),
(494, 27.90, 58.00, 14, '2026-04-05 22:23:11'),
(495, 27.90, 58.00, 14, '2026-04-05 22:23:16'),
(496, 27.90, 58.00, 14, '2026-04-05 22:23:21'),
(497, 27.90, 58.00, 14, '2026-04-05 22:23:26'),
(498, 27.90, 58.00, 14, '2026-04-05 22:23:31'),
(499, 27.90, 58.00, 14, '2026-04-05 22:23:36'),
(500, 27.90, 58.00, 14, '2026-04-05 22:23:41'),
(501, 27.90, 58.00, 14, '2026-04-05 22:23:46'),
(502, 27.90, 58.00, 14, '2026-04-05 22:23:51'),
(503, 27.90, 58.00, 14, '2026-04-05 22:23:56'),
(504, 27.90, 58.00, 14, '2026-04-05 22:24:01'),
(505, 27.90, 58.00, 14, '2026-04-05 22:24:06'),
(506, 27.90, 58.00, 14, '2026-04-05 22:24:11'),
(507, 27.90, 58.00, 14, '2026-04-05 22:24:16'),
(508, 27.90, 58.00, 14, '2026-04-05 22:24:21'),
(509, 27.90, 58.00, 14, '2026-04-05 22:24:26'),
(510, 27.90, 58.00, 14, '2026-04-05 22:24:31'),
(511, 27.90, 58.00, 14, '2026-04-05 22:24:36'),
(512, 27.90, 58.00, 14, '2026-04-05 22:24:41'),
(513, 27.90, 58.00, 14, '2026-04-05 22:24:46'),
(514, 27.90, 58.00, 14, '2026-04-05 22:24:51'),
(515, 27.90, 58.00, 14, '2026-04-05 22:24:56'),
(516, 27.90, 58.00, 14, '2026-04-05 22:25:01'),
(517, 27.90, 58.00, 14, '2026-04-05 22:25:06'),
(518, 27.90, 58.00, 14, '2026-04-05 22:25:11'),
(519, 27.90, 58.00, 14, '2026-04-05 22:25:16'),
(520, 27.90, 58.00, 14, '2026-04-05 22:25:21'),
(521, 27.90, 58.00, 14, '2026-04-05 22:25:26'),
(522, 27.90, 58.00, 14, '2026-04-05 22:25:31'),
(523, 27.90, 58.00, 14, '2026-04-05 22:25:36'),
(524, 27.90, 58.00, 14, '2026-04-05 22:25:41'),
(525, 27.90, 58.00, 14, '2026-04-05 22:25:46'),
(526, 27.90, 58.00, 14, '2026-04-05 22:25:51'),
(527, 27.90, 58.00, 14, '2026-04-05 22:25:56'),
(528, 28.00, 58.00, 14, '2026-04-05 22:26:01'),
(529, 28.00, 58.00, 14, '2026-04-05 22:26:06'),
(530, 28.00, 58.00, 14, '2026-04-05 22:26:11'),
(531, 28.00, 58.00, 14, '2026-04-05 22:26:16'),
(532, 28.00, 59.00, 14, '2026-04-05 22:26:21'),
(533, 28.00, 58.00, 14, '2026-04-05 22:26:26'),
(534, 28.00, 59.00, 14, '2026-04-05 22:26:31'),
(535, 28.00, 58.00, 14, '2026-04-05 22:26:36'),
(536, 28.00, 58.00, 14, '2026-04-05 22:26:41'),
(537, 28.00, 58.00, 14, '2026-04-05 22:26:46'),
(538, 28.00, 58.00, 14, '2026-04-05 22:26:51'),
(539, 28.00, 58.00, 14, '2026-04-05 22:26:56'),
(540, 28.00, 58.00, 14, '2026-04-05 22:27:01'),
(541, 28.00, 58.00, 14, '2026-04-05 22:27:06'),
(542, 28.00, 59.00, 14, '2026-04-05 22:27:11'),
(543, 28.00, 58.00, 14, '2026-04-05 22:27:16'),
(544, 28.00, 58.00, 14, '2026-04-05 22:27:21'),
(545, 28.00, 58.00, 14, '2026-04-05 22:27:26'),
(546, 28.00, 58.00, 14, '2026-04-05 22:27:31'),
(547, 28.00, 58.00, 14, '2026-04-05 22:27:36'),
(548, 28.00, 58.00, 14, '2026-04-05 22:27:41'),
(549, 28.00, 58.00, 14, '2026-04-05 22:27:46'),
(550, 28.00, 58.00, 14, '2026-04-05 22:27:51'),
(551, 28.00, 58.00, 14, '2026-04-05 22:27:56'),
(552, 28.00, 58.00, 14, '2026-04-05 22:28:01'),
(553, 28.00, 58.00, 14, '2026-04-05 22:28:06'),
(554, 28.00, 58.00, 14, '2026-04-05 22:28:11'),
(555, 28.00, 58.00, 14, '2026-04-05 22:28:16'),
(556, 28.00, 58.00, 14, '2026-04-05 22:28:21'),
(557, 28.00, 58.00, 14, '2026-04-05 22:28:26'),
(558, 28.00, 58.00, 14, '2026-04-05 22:28:31'),
(559, 28.00, 58.00, 14, '2026-04-05 22:28:36'),
(560, 28.00, 58.00, 14, '2026-04-05 22:28:41'),
(561, 28.00, 58.00, 14, '2026-04-05 22:28:46'),
(562, 28.00, 58.00, 14, '2026-04-05 22:28:51'),
(563, 28.00, 58.00, 14, '2026-04-05 22:28:56'),
(564, 28.00, 58.00, 14, '2026-04-05 22:29:01'),
(565, 28.00, 58.00, 14, '2026-04-05 22:29:06'),
(566, 28.00, 58.00, 14, '2026-04-05 22:29:11'),
(567, 28.00, 58.00, 14, '2026-04-05 22:29:16'),
(568, 28.00, 58.00, 14, '2026-04-05 22:29:21'),
(569, 28.00, 58.00, 14, '2026-04-05 22:29:26'),
(570, 28.00, 58.00, 14, '2026-04-05 22:29:31'),
(571, 28.00, 58.00, 14, '2026-04-05 22:29:36'),
(572, 28.00, 58.00, 14, '2026-04-05 22:29:41'),
(573, 28.00, 58.00, 14, '2026-04-05 22:29:46'),
(574, 28.00, 58.00, 14, '2026-04-05 22:29:51'),
(575, 28.00, 58.00, 14, '2026-04-05 22:29:56'),
(576, 28.00, 58.00, 14, '2026-04-05 22:30:01'),
(577, 28.00, 58.00, 14, '2026-04-05 22:30:06'),
(578, 28.00, 58.00, 14, '2026-04-05 22:30:11'),
(579, 28.00, 58.00, 14, '2026-04-05 22:30:16'),
(580, 28.00, 58.00, 14, '2026-04-05 22:30:21'),
(581, 28.00, 58.00, 14, '2026-04-05 22:30:26'),
(582, 28.00, 58.00, 14, '2026-04-05 22:30:31'),
(583, 28.00, 58.00, 14, '2026-04-05 22:30:36'),
(584, 28.00, 58.00, 14, '2026-04-05 22:30:41'),
(585, 28.00, 58.00, 14, '2026-04-05 22:30:46'),
(586, 28.00, 58.00, 14, '2026-04-05 22:30:51'),
(587, 28.00, 58.00, 15, '2026-04-05 22:30:56'),
(588, 28.00, 58.00, 15, '2026-04-05 22:31:01'),
(589, 28.00, 58.00, 16, '2026-04-05 22:31:06'),
(590, 28.00, 58.00, 16, '2026-04-05 22:31:11'),
(591, 28.00, 58.00, 16, '2026-04-05 22:31:16'),
(592, 28.00, 58.00, 16, '2026-04-05 22:31:21'),
(593, 28.00, 58.00, 17, '2026-04-05 22:31:26'),
(594, 28.00, 58.00, 17, '2026-04-05 22:31:31'),
(595, 28.00, 58.00, 17, '2026-04-05 22:31:36'),
(596, 28.00, 58.00, 17, '2026-04-05 22:31:41'),
(597, 28.00, 58.00, 17, '2026-04-05 22:31:46'),
(598, 28.00, 58.00, 17, '2026-04-05 22:31:51'),
(599, 28.00, 58.00, 17, '2026-04-05 22:31:56'),
(600, 28.00, 58.00, 17, '2026-04-05 22:32:01'),
(601, 28.00, 58.00, 17, '2026-04-05 22:32:06'),
(602, 28.00, 58.00, 17, '2026-04-05 22:32:11'),
(603, 28.00, 58.00, 17, '2026-04-05 22:32:16'),
(604, 28.00, 58.00, 17, '2026-04-05 22:32:21'),
(605, 28.00, 58.00, 17, '2026-04-05 22:32:26'),
(606, 28.00, 58.00, 17, '2026-04-05 22:32:31'),
(607, 28.00, 58.00, 17, '2026-04-05 22:32:36'),
(608, 28.00, 58.00, 17, '2026-04-05 22:32:41'),
(609, 28.00, 58.00, 17, '2026-04-05 22:32:46'),
(610, 28.00, 58.00, 17, '2026-04-05 22:32:51'),
(611, 28.00, 58.00, 17, '2026-04-05 22:32:56'),
(612, 28.00, 58.00, 17, '2026-04-05 22:33:01'),
(613, 28.00, 58.00, 17, '2026-04-05 22:33:06'),
(614, 28.00, 58.00, 17, '2026-04-05 22:33:11'),
(615, 28.00, 58.00, 18, '2026-04-05 22:35:21'),
(616, 28.00, 58.00, 19, '2026-04-05 22:35:31'),
(617, 28.00, 58.00, 20, '2026-04-05 22:35:41'),
(618, 28.00, 58.00, 20, '2026-04-05 22:35:46'),
(619, 27.90, 58.00, 21, '2026-04-05 22:37:41'),
(620, 27.90, 58.00, 21, '2026-04-05 22:37:46'),
(621, 27.90, 57.00, 22, '2026-04-05 22:38:01'),
(622, 27.90, 57.00, 22, '2026-04-05 22:38:06'),
(623, 27.90, 58.00, 22, '2026-04-05 22:38:11'),
(624, 27.80, 58.00, 23, '2026-04-05 22:40:11'),
(625, 27.80, 58.00, 23, '2026-04-05 22:40:16'),
(626, 27.70, 58.00, 24, '2026-04-05 22:43:41'),
(627, 27.70, 58.00, 24, '2026-04-05 22:43:46'),
(628, 27.70, 58.00, 24, '2026-04-05 22:43:51'),
(629, 27.70, 59.00, 24, '2026-04-05 22:43:56'),
(630, 27.70, 59.00, 24, '2026-04-05 22:44:01'),
(631, 27.50, 60.00, 25, '2026-04-05 22:58:36'),
(632, 27.50, 60.00, 25, '2026-04-05 22:58:41'),
(633, 27.50, 60.00, 25, '2026-04-05 22:58:46'),
(634, 27.50, 60.00, 25, '2026-04-05 22:58:51'),
(635, 27.50, 60.00, 25, '2026-04-05 22:58:56'),
(636, 27.50, 60.00, 25, '2026-04-05 22:59:01'),
(637, 27.50, 60.00, 25, '2026-04-05 22:59:06'),
(638, 27.50, 60.00, 25, '2026-04-05 22:59:11'),
(639, 27.50, 60.00, 25, '2026-04-05 22:59:16'),
(640, 27.50, 60.00, 25, '2026-04-05 22:59:21'),
(641, 27.50, 60.00, 25, '2026-04-05 22:59:52'),
(642, 27.50, 60.00, 25, '2026-04-05 22:59:55'),
(643, 27.50, 60.00, 25, '2026-04-05 22:59:58'),
(644, 27.50, 60.00, 25, '2026-04-05 23:00:01'),
(645, 27.50, 60.00, 25, '2026-04-05 23:00:04'),
(646, 27.50, 60.00, 25, '2026-04-05 23:00:07'),
(647, 27.50, 60.00, 25, '2026-04-05 23:00:10'),
(648, 27.50, 60.00, 25, '2026-04-05 23:00:13'),
(649, 27.50, 60.00, 25, '2026-04-05 23:00:16'),
(650, 27.50, 60.00, 25, '2026-04-05 23:00:19'),
(651, 27.50, 60.00, 25, '2026-04-05 23:00:22'),
(652, 27.50, 60.00, 25, '2026-04-05 23:00:25'),
(653, 27.50, 60.00, 25, '2026-04-05 23:00:28'),
(654, 27.50, 60.00, 25, '2026-04-05 23:00:31'),
(655, 27.50, 60.00, 25, '2026-04-05 23:00:34'),
(656, 27.50, 60.00, 25, '2026-04-05 23:00:37'),
(657, 27.50, 60.00, 25, '2026-04-05 23:00:40'),
(658, 27.50, 60.00, 25, '2026-04-05 23:00:43'),
(659, 27.50, 60.00, 25, '2026-04-05 23:00:46'),
(660, 27.50, 60.00, 25, '2026-04-05 23:00:49'),
(661, 27.50, 60.00, 25, '2026-04-05 23:00:52'),
(662, 27.50, 60.00, 25, '2026-04-05 23:00:55'),
(663, 27.50, 60.00, 25, '2026-04-05 23:00:58'),
(664, 27.50, 60.00, 25, '2026-04-05 23:01:01'),
(665, 27.50, 60.00, 25, '2026-04-05 23:01:04'),
(666, 27.50, 60.00, 25, '2026-04-05 23:01:07'),
(667, 27.50, 60.00, 25, '2026-04-05 23:01:10'),
(668, 27.50, 60.00, 25, '2026-04-05 23:01:13'),
(669, 27.40, 60.00, 25, '2026-04-05 23:01:16'),
(670, 27.40, 61.00, 25, '2026-04-05 23:01:19'),
(671, 27.40, 61.00, 25, '2026-04-05 23:01:22'),
(672, 27.40, 60.00, 25, '2026-04-05 23:01:25'),
(673, 27.40, 61.00, 25, '2026-04-05 23:01:28'),
(674, 27.40, 61.00, 25, '2026-04-05 23:01:31'),
(675, 27.40, 60.00, 25, '2026-04-05 23:01:34'),
(676, 27.40, 60.00, 25, '2026-04-05 23:01:37'),
(677, 27.40, 60.00, 25, '2026-04-05 23:01:40'),
(678, 27.40, 60.00, 25, '2026-04-05 23:01:43'),
(679, 27.40, 60.00, 25, '2026-04-05 23:01:46'),
(680, 27.40, 61.00, 25, '2026-04-05 23:01:49'),
(681, 27.30, 62.00, 26, '2026-04-05 23:04:37'),
(682, 27.30, 62.00, 26, '2026-04-05 23:04:40'),
(683, 27.30, 62.00, 26, '2026-04-05 23:04:43'),
(684, 27.30, 62.00, 26, '2026-04-05 23:04:46'),
(685, 27.30, 62.00, 26, '2026-04-05 23:04:49'),
(686, 28.10, 86.00, 26, '2026-04-05 23:04:52'),
(687, 28.40, 95.00, 26, '2026-04-05 23:04:55'),
(688, 29.00, 95.00, 26, '2026-04-05 23:04:58'),
(689, 29.50, 95.00, 26, '2026-04-05 23:05:01'),
(690, 30.00, 95.00, 26, '2026-04-05 23:05:04'),
(691, 30.10, 95.00, 26, '2026-04-05 23:05:07'),
(692, 30.40, 95.00, 26, '2026-04-05 23:05:10'),
(693, 30.50, 95.00, 26, '2026-04-05 23:05:13'),
(694, 30.60, 95.00, 26, '2026-04-05 23:05:16'),
(695, 30.70, 95.00, 26, '2026-04-05 23:05:19'),
(696, 30.80, 95.00, 26, '2026-04-05 23:05:22'),
(697, 30.80, 95.00, 26, '2026-04-05 23:05:25'),
(698, 30.90, 95.00, 26, '2026-04-05 23:05:28'),
(699, 31.00, 95.00, 26, '2026-04-05 23:05:31'),
(700, 31.00, 95.00, 26, '2026-04-05 23:05:34'),
(701, 31.10, 95.00, 26, '2026-04-05 23:05:37'),
(702, 31.20, 95.00, 26, '2026-04-05 23:05:40'),
(703, 31.20, 95.00, 26, '2026-04-05 23:05:43'),
(704, 31.30, 95.00, 26, '2026-04-05 23:05:46'),
(705, 31.30, 95.00, 26, '2026-04-05 23:05:49'),
(706, 31.30, 95.00, 26, '2026-04-05 23:05:52'),
(707, 31.30, 95.00, 26, '2026-04-05 23:05:55'),
(708, 31.30, 95.00, 26, '2026-04-05 23:05:58'),
(709, 31.20, 95.00, 26, '2026-04-05 23:06:01'),
(710, 31.20, 95.00, 26, '2026-04-05 23:06:04'),
(711, 31.10, 95.00, 26, '2026-04-05 23:06:07'),
(712, 31.10, 95.00, 26, '2026-04-05 23:06:10'),
(713, 31.00, 95.00, 26, '2026-04-05 23:06:13'),
(714, 31.00, 95.00, 26, '2026-04-05 23:06:16'),
(715, 31.00, 95.00, 26, '2026-04-05 23:06:22'),
(716, 30.90, 95.00, 26, '2026-04-05 23:06:22'),
(717, 30.80, 95.00, 26, '2026-04-05 23:06:25'),
(718, 30.70, 95.00, 26, '2026-04-05 23:06:28'),
(719, 30.70, 95.00, 26, '2026-04-05 23:06:31'),
(720, 30.60, 95.00, 26, '2026-04-05 23:06:34'),
(721, 30.50, 95.00, 26, '2026-04-05 23:06:37'),
(722, 30.50, 95.00, 26, '2026-04-05 23:06:40'),
(723, 30.40, 95.00, 26, '2026-04-05 23:06:43'),
(724, 30.30, 95.00, 26, '2026-04-05 23:06:46'),
(725, 30.20, 95.00, 26, '2026-04-05 23:06:49'),
(726, 30.20, 95.00, 26, '2026-04-05 23:06:52'),
(727, 30.10, 95.00, 26, '2026-04-05 23:06:55'),
(728, 30.10, 95.00, 26, '2026-04-05 23:06:58'),
(729, 30.00, 95.00, 26, '2026-04-05 23:07:01'),
(730, 30.00, 95.00, 26, '2026-04-05 23:07:04'),
(731, 30.00, 95.00, 26, '2026-04-05 23:07:07'),
(732, 29.90, 95.00, 26, '2026-04-05 23:07:10'),
(733, 29.90, 95.00, 26, '2026-04-05 23:07:13'),
(734, 29.80, 95.00, 26, '2026-04-05 23:07:17'),
(735, 29.80, 95.00, 26, '2026-04-05 23:07:19'),
(736, 29.70, 95.00, 26, '2026-04-05 23:07:22'),
(737, 29.70, 95.00, 26, '2026-04-05 23:07:25'),
(738, 29.60, 95.00, 26, '2026-04-05 23:07:28'),
(739, 29.60, 95.00, 26, '2026-04-05 23:07:31'),
(740, 29.50, 95.00, 26, '2026-04-05 23:07:34'),
(741, 29.50, 95.00, 26, '2026-04-05 23:07:37'),
(742, 29.50, 95.00, 26, '2026-04-05 23:07:40'),
(743, 29.40, 95.00, 26, '2026-04-05 23:07:43'),
(744, 29.40, 95.00, 26, '2026-04-05 23:07:46'),
(745, 29.30, 95.00, 26, '2026-04-05 23:07:49'),
(746, 29.30, 95.00, 26, '2026-04-05 23:07:52'),
(747, 29.20, 95.00, 26, '2026-04-05 23:07:55'),
(748, 29.20, 95.00, 26, '2026-04-05 23:07:58'),
(749, 29.20, 95.00, 26, '2026-04-05 23:08:01'),
(750, 29.10, 95.00, 26, '2026-04-05 23:08:04'),
(751, 29.10, 95.00, 26, '2026-04-05 23:08:07'),
(752, 29.10, 95.00, 26, '2026-04-05 23:08:10'),
(753, 29.00, 95.00, 26, '2026-04-05 23:08:13'),
(754, 29.00, 95.00, 26, '2026-04-05 23:08:16'),
(755, 29.00, 95.00, 26, '2026-04-05 23:08:19'),
(756, 29.00, 95.00, 26, '2026-04-05 23:08:22'),
(757, 29.00, 95.00, 26, '2026-04-05 23:08:25'),
(758, 29.00, 95.00, 26, '2026-04-05 23:08:28'),
(759, 29.00, 95.00, 26, '2026-04-05 23:08:31'),
(760, 28.90, 95.00, 26, '2026-04-05 23:08:34'),
(761, 28.90, 95.00, 26, '2026-04-05 23:08:37'),
(762, 28.90, 95.00, 26, '2026-04-05 23:08:40'),
(763, 28.90, 95.00, 26, '2026-04-05 23:08:43'),
(764, 28.80, 95.00, 26, '2026-04-05 23:08:46'),
(765, 28.80, 95.00, 26, '2026-04-05 23:08:49'),
(766, 28.80, 95.00, 26, '2026-04-05 23:08:52'),
(767, 28.80, 95.00, 26, '2026-04-05 23:08:55'),
(768, 28.70, 95.00, 26, '2026-04-05 23:08:58'),
(769, 28.70, 92.00, 26, '2026-04-05 23:09:01'),
(770, 28.70, 90.00, 26, '2026-04-05 23:09:04'),
(771, 28.70, 90.00, 26, '2026-04-05 23:09:07'),
(772, 28.60, 88.00, 26, '2026-04-05 23:09:10'),
(773, 28.60, 87.00, 26, '2026-04-05 23:09:13'),
(774, 28.60, 86.00, 26, '2026-04-05 23:09:16'),
(775, 28.60, 85.00, 26, '2026-04-05 23:09:19'),
(776, 28.60, 84.00, 26, '2026-04-05 23:09:22'),
(777, 28.60, 84.00, 26, '2026-04-05 23:09:25'),
(778, 28.60, 83.00, 26, '2026-04-05 23:09:28'),
(779, 28.50, 82.00, 26, '2026-04-05 23:09:31'),
(780, 14.20, 168.00, 26, '2026-04-05 23:09:37'),
(781, 28.50, 80.00, 26, '2026-04-05 23:09:40'),
(782, 28.50, 80.00, 26, '2026-04-05 23:09:43'),
(783, 28.50, 79.00, 26, '2026-04-05 23:09:46'),
(784, 28.50, 79.00, 26, '2026-04-05 23:09:49'),
(785, 28.50, 79.00, 26, '2026-04-05 23:09:52'),
(786, 28.50, 78.00, 26, '2026-04-05 23:09:55'),
(787, 28.10, 70.00, 27, '2026-04-05 23:11:43'),
(788, 28.00, 70.00, 27, '2026-04-05 23:11:46'),
(789, 28.00, 70.00, 28, '2026-04-05 23:11:52'),
(790, 28.00, 70.00, 28, '2026-04-05 23:11:55'),
(791, 28.00, 70.00, 28, '2026-04-05 23:11:58'),
(792, 28.00, 70.00, 28, '2026-04-05 23:12:01'),
(793, 28.00, 69.00, 28, '2026-04-05 23:12:04'),
(794, 28.00, 69.00, 28, '2026-04-05 23:12:07'),
(795, 28.00, 69.00, 28, '2026-04-05 23:12:10'),
(796, 28.00, 69.00, 28, '2026-04-05 23:12:13'),
(797, 28.00, 69.00, 28, '2026-04-05 23:12:16'),
(798, 28.00, 69.00, 28, '2026-04-05 23:12:19'),
(799, 28.00, 69.00, 28, '2026-04-05 23:12:22'),
(800, 28.00, 69.00, 28, '2026-04-05 23:12:25'),
(801, 28.00, 69.00, 28, '2026-04-05 23:12:28'),
(802, 28.00, 69.00, 28, '2026-04-05 23:12:31'),
(803, 28.00, 69.00, 28, '2026-04-05 23:12:34'),
(804, 28.00, 69.00, 28, '2026-04-05 23:12:37'),
(805, 28.00, 69.00, 28, '2026-04-05 23:12:40'),
(806, 28.00, 69.00, 28, '2026-04-05 23:12:43'),
(807, 27.90, 69.00, 28, '2026-04-05 23:12:46'),
(808, 27.90, 69.00, 28, '2026-04-05 23:12:49'),
(809, 27.90, 69.00, 28, '2026-04-05 23:12:52'),
(810, 27.90, 68.00, 28, '2026-04-05 23:12:55'),
(811, 27.90, 69.00, 28, '2026-04-05 23:12:58'),
(812, 27.90, 68.00, 28, '2026-04-05 23:13:01'),
(813, 27.90, 69.00, 28, '2026-04-05 23:13:04'),
(814, 27.90, 68.00, 28, '2026-04-05 23:13:07'),
(815, 27.90, 69.00, 28, '2026-04-05 23:13:10'),
(816, 27.90, 68.00, 28, '2026-04-05 23:13:13'),
(817, 27.90, 69.00, 28, '2026-04-05 23:13:16'),
(818, 27.90, 69.00, 28, '2026-04-05 23:13:19'),
(819, 27.90, 68.00, 28, '2026-04-05 23:13:22'),
(820, 27.80, 68.00, 28, '2026-04-05 23:13:25'),
(821, 27.80, 69.00, 28, '2026-04-05 23:13:28'),
(822, 27.80, 69.00, 28, '2026-04-05 23:13:31'),
(823, 27.80, 69.00, 29, '2026-04-05 23:13:46'),
(824, 27.80, 69.00, 29, '2026-04-05 23:13:49'),
(825, 27.60, 68.00, 30, '2026-04-05 23:15:37'),
(826, 27.60, 68.00, 30, '2026-04-05 23:15:40'),
(827, 27.60, 69.00, 30, '2026-04-05 23:15:43'),
(828, 27.60, 69.00, 30, '2026-04-05 23:15:46'),
(829, 27.60, 69.00, 30, '2026-04-05 23:15:49'),
(830, 27.60, 69.00, 30, '2026-04-05 23:15:52'),
(831, 27.70, 69.00, 30, '2026-04-05 23:15:55'),
(832, 27.70, 69.00, 30, '2026-04-05 23:15:58'),
(833, 27.70, 69.00, 30, '2026-04-05 23:16:01'),
(834, 27.70, 69.00, 30, '2026-04-05 23:16:04'),
(835, 27.50, 68.00, 31, '2026-04-05 23:28:06'),
(836, 27.50, 68.00, 31, '2026-04-05 23:28:09'),
(837, 26.70, 73.00, 32, '2026-04-06 00:01:34'),
(838, 26.70, 73.00, 32, '2026-04-06 00:01:37'),
(839, 26.70, 74.00, 32, '2026-04-06 00:01:40'),
(840, 26.70, 73.00, 33, '2026-04-06 00:01:49'),
(841, 26.70, 73.00, 33, '2026-04-06 00:01:52'),
(842, 26.70, 73.00, 33, '2026-04-06 00:01:55'),
(843, 26.70, 73.00, 33, '2026-04-06 00:01:58'),
(844, 26.80, 72.00, 34, '2026-04-06 00:04:31'),
(845, 26.80, 72.00, 34, '2026-04-06 00:04:34'),
(846, 26.80, 72.00, 34, '2026-04-06 00:04:37'),
(847, 26.80, 72.00, 34, '2026-04-06 00:04:40'),
(848, 26.80, 72.00, 34, '2026-04-06 00:04:43'),
(849, 26.80, 72.00, 35, '2026-04-06 00:05:01'),
(850, 26.80, 72.00, 35, '2026-04-06 00:05:04'),
(851, 26.80, 72.00, 35, '2026-04-06 00:05:07'),
(852, 26.80, 72.00, 36, '2026-04-06 00:05:31'),
(853, 26.80, 72.00, 36, '2026-04-06 00:05:34'),
(854, 26.80, 72.00, 36, '2026-04-06 00:05:37'),
(855, 26.80, 71.00, 36, '2026-04-06 00:05:40'),
(856, 26.80, 72.00, 36, '2026-04-06 00:05:43'),
(857, 26.80, 71.00, 36, '2026-04-06 00:05:46'),
(858, 26.80, 71.00, 36, '2026-04-06 00:05:49'),
(859, 26.80, 71.00, 36, '2026-04-06 00:05:52'),
(860, 26.80, 71.00, 36, '2026-04-06 00:05:55'),
(861, 26.80, 71.00, 36, '2026-04-06 00:05:58'),
(862, 26.80, 71.00, 36, '2026-04-06 00:06:01'),
(863, 26.80, 71.00, 36, '2026-04-06 00:06:04'),
(864, 26.80, 71.00, 36, '2026-04-06 00:06:07'),
(865, 26.80, 71.00, 36, '2026-04-06 00:06:10'),
(866, 26.80, 71.00, 36, '2026-04-06 00:06:13'),
(867, 26.80, 71.00, 36, '2026-04-06 00:06:16'),
(868, 26.80, 71.00, 36, '2026-04-06 00:06:19'),
(869, 26.80, 71.00, 36, '2026-04-06 00:06:22'),
(870, 13.40, 175.80, 36, '2026-04-06 00:06:25'),
(871, 26.80, 71.00, 36, '2026-04-06 00:06:28'),
(872, 26.80, 71.00, 36, '2026-04-06 00:06:31'),
(873, 26.80, 70.00, 36, '2026-04-06 00:06:34'),
(874, 26.80, 70.00, 36, '2026-04-06 00:06:37'),
(875, 26.80, 70.00, 36, '2026-04-06 00:06:40'),
(876, 26.80, 70.00, 36, '2026-04-06 00:06:43'),
(877, 26.80, 70.00, 36, '2026-04-06 00:06:46'),
(878, 26.80, 70.00, 36, '2026-04-06 00:06:49'),
(879, 26.80, 70.00, 36, '2026-04-06 00:06:52'),
(880, 26.80, 70.00, 36, '2026-04-06 00:06:55'),
(881, 26.80, 70.00, 36, '2026-04-06 00:06:58'),
(882, 26.90, 70.00, 36, '2026-04-06 00:07:01'),
(883, 27.40, 94.00, 36, '2026-04-06 00:07:04'),
(884, 30.10, 95.00, 36, '2026-04-06 00:07:07'),
(885, 30.10, 95.00, 36, '2026-04-06 00:07:10'),
(886, 30.70, 95.00, 36, '2026-04-06 00:07:13'),
(887, 29.80, 95.00, 37, '2026-04-06 00:07:37'),
(888, 30.30, 95.00, 37, '2026-04-06 00:07:40'),
(889, 31.10, 95.00, 37, '2026-04-06 00:07:43'),
(890, 31.40, 95.00, 37, '2026-04-06 00:07:46'),
(891, 31.50, 95.00, 37, '2026-04-06 00:07:49'),
(892, 31.90, 95.00, 37, '2026-04-06 00:07:52'),
(893, 32.10, 95.00, 37, '2026-04-06 00:07:55'),
(894, 32.40, 95.00, 37, '2026-04-06 00:07:58'),
(895, 32.50, 95.00, 37, '2026-04-06 00:08:01'),
(896, 32.70, 95.00, 37, '2026-04-06 00:08:04'),
(897, 32.70, 95.00, 37, '2026-04-06 00:08:07'),
(898, 32.70, 95.00, 37, '2026-04-06 00:08:10'),
(899, 32.50, 95.00, 37, '2026-04-06 00:08:13'),
(900, 32.40, 95.00, 37, '2026-04-06 00:08:16'),
(901, 32.60, 95.00, 37, '2026-04-06 00:08:19'),
(902, 32.40, 95.00, 37, '2026-04-06 00:08:22'),
(903, 31.40, 95.00, 38, '2026-04-06 00:08:34'),
(904, 31.30, 95.00, 38, '2026-04-06 00:08:37'),
(905, 31.20, 95.00, 38, '2026-04-06 00:08:40'),
(906, 31.10, 95.00, 38, '2026-04-06 00:08:43'),
(907, 31.00, 95.00, 38, '2026-04-06 00:08:46'),
(908, 30.90, 95.00, 38, '2026-04-06 00:08:49'),
(909, 30.80, 95.00, 38, '2026-04-06 00:08:52'),
(910, 30.70, 95.00, 38, '2026-04-06 00:08:55'),
(911, 30.60, 95.00, 38, '2026-04-06 00:08:58'),
(912, 30.50, 95.00, 38, '2026-04-06 00:09:01'),
(913, 30.40, 95.00, 38, '2026-04-06 00:09:04'),
(914, 30.30, 95.00, 38, '2026-04-06 00:09:07'),
(915, 30.20, 95.00, 38, '2026-04-06 00:09:10'),
(916, 30.10, 95.00, 38, '2026-04-06 00:09:13'),
(917, 30.00, 95.00, 38, '2026-04-06 00:09:16'),
(918, 30.00, 95.00, 38, '2026-04-06 00:09:19'),
(919, 29.90, 95.00, 38, '2026-04-06 00:09:22'),
(920, 29.90, 95.00, 38, '2026-04-06 00:09:25'),
(921, 29.80, 95.00, 38, '2026-04-06 00:09:28'),
(922, 29.80, 95.00, 38, '2026-04-06 00:09:31'),
(923, 29.70, 95.00, 38, '2026-04-06 00:09:34'),
(924, 29.70, 95.00, 38, '2026-04-06 00:09:37'),
(925, 29.70, 95.00, 38, '2026-04-06 00:09:40'),
(926, 29.60, 95.00, 38, '2026-04-06 00:09:43'),
(927, 29.40, 95.00, 38, '2026-04-06 00:09:46'),
(928, 29.30, 95.00, 38, '2026-04-06 00:09:49'),
(929, 29.20, 95.00, 38, '2026-04-06 00:09:52'),
(930, 29.20, 95.00, 38, '2026-04-06 00:09:55'),
(931, 29.10, 95.00, 38, '2026-04-06 00:09:58'),
(932, 29.10, 95.00, 38, '2026-04-06 00:10:01'),
(933, 29.10, 95.00, 38, '2026-04-06 00:10:04'),
(934, 29.10, 95.00, 38, '2026-04-06 00:10:07'),
(935, 29.10, 95.00, 38, '2026-04-06 00:10:10'),
(936, 29.00, 95.00, 38, '2026-04-06 00:10:13'),
(937, 29.00, 95.00, 38, '2026-04-06 00:10:16'),
(938, 29.00, 95.00, 38, '2026-04-06 00:10:19'),
(939, 29.00, 95.00, 38, '2026-04-06 00:10:22'),
(940, 29.00, 95.00, 38, '2026-04-06 00:10:25'),
(941, 29.00, 95.00, 38, '2026-04-06 00:10:28'),
(942, 29.00, 95.00, 38, '2026-04-06 00:10:31'),
(943, 29.00, 95.00, 38, '2026-04-06 00:10:34'),
(944, 28.90, 95.00, 38, '2026-04-06 00:10:37'),
(945, 28.90, 95.00, 38, '2026-04-06 00:10:40'),
(946, 28.90, 95.00, 38, '2026-04-06 00:10:43'),
(947, 28.90, 95.00, 38, '2026-04-06 00:10:46'),
(948, 28.80, 95.00, 38, '2026-04-06 00:10:49'),
(949, 28.80, 95.00, 38, '2026-04-06 00:10:52'),
(950, 28.80, 95.00, 38, '2026-04-06 00:10:55'),
(951, 28.80, 95.00, 38, '2026-04-06 00:10:58'),
(952, 28.70, 95.00, 38, '2026-04-06 00:11:01'),
(953, 28.70, 95.00, 38, '2026-04-06 00:11:04'),
(954, 28.70, 95.00, 38, '2026-04-06 00:11:07'),
(955, 28.70, 95.00, 38, '2026-04-06 00:11:10'),
(956, 28.60, 95.00, 38, '2026-04-06 00:11:13'),
(957, 28.60, 95.00, 38, '2026-04-06 00:11:16'),
(958, 28.60, 95.00, 38, '2026-04-06 00:11:19'),
(959, 28.60, 95.00, 38, '2026-04-06 00:11:22'),
(960, 28.50, 95.00, 38, '2026-04-06 00:11:25'),
(961, 28.50, 95.00, 38, '2026-04-06 00:11:28'),
(962, 28.50, 95.00, 38, '2026-04-06 00:11:31'),
(963, 28.50, 95.00, 38, '2026-04-06 00:11:34'),
(964, 28.40, 95.00, 38, '2026-04-06 00:11:37'),
(965, 28.40, 95.00, 38, '2026-04-06 00:11:40'),
(966, 28.40, 95.00, 38, '2026-04-06 00:11:43'),
(967, 28.40, 95.00, 38, '2026-04-06 00:11:46'),
(968, 28.40, 95.00, 38, '2026-04-06 00:11:49'),
(969, 28.30, 95.00, 38, '2026-04-06 00:11:52'),
(970, 28.30, 95.00, 38, '2026-04-06 00:11:55'),
(971, 28.30, 95.00, 38, '2026-04-06 00:11:58'),
(972, 28.30, 95.00, 38, '2026-04-06 00:12:01'),
(973, 28.30, 95.00, 38, '2026-04-06 00:12:04'),
(974, 28.30, 95.00, 38, '2026-04-06 00:12:07'),
(975, 28.20, 95.00, 38, '2026-04-06 00:12:10'),
(976, 28.20, 95.00, 38, '2026-04-06 00:12:13'),
(977, 28.20, 95.00, 38, '2026-04-06 00:12:16'),
(978, 28.20, 95.00, 38, '2026-04-06 00:12:19'),
(979, 28.10, 95.00, 38, '2026-04-06 00:12:22'),
(980, 28.10, 95.00, 38, '2026-04-06 00:12:25'),
(981, 28.10, 95.00, 38, '2026-04-06 00:12:28'),
(982, 28.10, 95.00, 38, '2026-04-06 00:12:31'),
(983, 28.10, 95.00, 38, '2026-04-06 00:12:34'),
(984, 28.10, 95.00, 38, '2026-04-06 00:12:37'),
(985, 28.10, 95.00, 38, '2026-04-06 00:12:40'),
(986, 28.10, 95.00, 38, '2026-04-06 00:12:43'),
(987, 28.10, 95.00, 38, '2026-04-06 00:12:46'),
(988, 28.10, 95.00, 38, '2026-04-06 00:12:49'),
(989, 28.10, 95.00, 38, '2026-04-06 00:12:52'),
(990, 28.00, 95.00, 38, '2026-04-06 00:12:55'),
(991, 28.00, 95.00, 38, '2026-04-06 00:12:58'),
(992, 28.00, 95.00, 38, '2026-04-06 00:13:01'),
(993, 28.00, 94.00, 38, '2026-04-06 00:13:04'),
(994, 28.00, 94.00, 38, '2026-04-06 00:13:07'),
(995, 28.00, 91.00, 38, '2026-04-06 00:13:10'),
(996, 28.00, 91.00, 38, '2026-04-06 00:13:13'),
(997, 28.00, 90.00, 38, '2026-04-06 00:13:16'),
(998, 28.00, 90.00, 38, '2026-04-06 00:13:19'),
(999, 28.00, 90.00, 38, '2026-04-06 00:13:22'),
(1000, 28.00, 90.00, 38, '2026-04-06 00:13:25'),
(1001, 28.00, 89.00, 38, '2026-04-06 00:13:28'),
(1002, 28.00, 89.00, 38, '2026-04-06 00:13:31'),
(1003, 28.00, 88.00, 38, '2026-04-06 00:13:34'),
(1004, 28.00, 87.00, 38, '2026-04-06 00:13:37'),
(1005, 28.00, 87.00, 38, '2026-04-06 00:13:40'),
(1006, 28.00, 87.00, 38, '2026-04-06 00:13:43'),
(1007, 28.00, 86.00, 38, '2026-04-06 00:13:46'),
(1008, 28.00, 86.00, 38, '2026-04-06 00:13:49'),
(1009, 28.00, 85.00, 38, '2026-04-06 00:13:52'),
(1010, 28.00, 85.00, 38, '2026-04-06 00:13:55'),
(1011, 28.00, 85.00, 38, '2026-04-06 00:13:58'),
(1012, 27.90, 85.00, 38, '2026-04-06 00:14:01'),
(1013, 27.90, 85.00, 38, '2026-04-06 00:14:04'),
(1014, 27.90, 84.00, 38, '2026-04-06 00:14:07'),
(1015, 27.90, 84.00, 38, '2026-04-06 00:14:10'),
(1016, 27.90, 84.00, 38, '2026-04-06 00:14:13'),
(1017, 27.90, 84.00, 38, '2026-04-06 00:14:16'),
(1018, 27.90, 83.00, 38, '2026-04-06 00:14:19'),
(1019, 27.90, 83.00, 38, '2026-04-06 00:14:22'),
(1020, 27.90, 83.00, 38, '2026-04-06 00:14:25'),
(1021, 27.90, 83.00, 38, '2026-04-06 00:14:28'),
(1022, 27.80, 83.00, 38, '2026-04-06 00:14:31'),
(1023, 26.90, 73.00, 39, '2026-04-06 00:31:07'),
(1024, 26.90, 72.00, 39, '2026-04-06 00:31:10'),
(1025, 26.90, 73.00, 39, '2026-04-06 00:31:13'),
(1026, 26.90, 72.00, 39, '2026-04-06 00:31:16'),
(1027, 26.90, 72.00, 39, '2026-04-06 00:31:19'),
(1028, 26.90, 73.00, 39, '2026-04-06 00:31:22'),
(1029, 26.90, 72.00, 39, '2026-04-06 00:31:25'),
(1030, 26.90, 72.00, 39, '2026-04-06 00:31:28'),
(1031, 26.90, 72.00, 39, '2026-04-06 00:31:31'),
(1032, 26.90, 72.00, 39, '2026-04-06 00:31:34'),
(1033, 26.90, 72.00, 39, '2026-04-06 00:31:37'),
(1034, 26.90, 72.00, 39, '2026-04-06 00:31:40'),
(1035, 26.90, 72.00, 39, '2026-04-06 00:31:43'),
(1036, 26.50, 73.00, 40, '2026-04-06 00:37:34'),
(1037, 26.50, 73.00, 40, '2026-04-06 00:37:37'),
(1038, 26.50, 73.00, 40, '2026-04-06 00:37:40'),
(1039, 26.50, 73.00, 40, '2026-04-06 00:37:43'),
(1040, 26.50, 73.00, 40, '2026-04-06 00:37:46'),
(1041, 26.50, 73.00, 40, '2026-04-06 00:37:49'),
(1042, 26.50, 73.00, 41, '2026-04-06 00:38:13'),
(1043, 26.50, 73.00, 41, '2026-04-06 00:38:16'),
(1044, 26.50, 73.00, 41, '2026-04-06 00:38:19'),
(1045, 26.50, 73.00, 41, '2026-04-06 00:38:22'),
(1046, 26.50, 73.00, 41, '2026-04-06 00:38:25'),
(1047, 26.50, 73.00, 41, '2026-04-06 00:38:28'),
(1048, 26.50, 74.00, 42, '2026-04-06 00:39:50'),
(1049, 26.50, 74.00, 42, '2026-04-06 00:39:53'),
(1050, 26.50, 74.00, 42, '2026-04-06 00:39:58'),
(1051, 26.50, 74.00, 42, '2026-04-06 00:39:59'),
(1052, 26.40, 74.00, 43, '2026-04-06 00:40:50'),
(1053, 26.40, 74.00, 43, '2026-04-06 00:40:53'),
(1054, 26.40, 74.00, 43, '2026-04-06 00:40:56'),
(1055, 26.40, 74.00, 43, '2026-04-06 00:40:59'),
(1056, 26.40, 74.00, 43, '2026-04-06 00:41:02'),
(1057, 26.40, 74.00, 43, '2026-04-06 00:41:05'),
(1058, 26.40, 74.00, 43, '2026-04-06 00:41:08'),
(1059, 26.40, 74.00, 43, '2026-04-06 00:41:11'),
(1060, 26.40, 74.00, 43, '2026-04-06 00:41:14'),
(1061, 26.40, 74.00, 43, '2026-04-06 00:41:17'),
(1062, 26.40, 74.00, 43, '2026-04-06 00:41:20'),
(1063, 26.40, 74.00, 43, '2026-04-06 00:41:23'),
(1064, 26.40, 74.00, 43, '2026-04-06 00:41:26'),
(1065, 26.40, 74.00, 43, '2026-04-06 00:41:29'),
(1066, 26.40, 74.00, 43, '2026-04-06 00:41:32'),
(1067, 26.40, 74.00, 43, '2026-04-06 00:41:35'),
(1068, 26.40, 74.00, 43, '2026-04-06 00:41:38'),
(1069, 26.40, 74.00, 43, '2026-04-06 00:41:41'),
(1070, 26.40, 74.00, 43, '2026-04-06 00:41:44'),
(1071, 26.40, 74.00, 43, '2026-04-06 00:41:47'),
(1072, 26.40, 74.00, 43, '2026-04-06 00:41:50'),
(1073, 26.40, 74.00, 43, '2026-04-06 00:41:53'),
(1074, 26.40, 74.00, 43, '2026-04-06 00:41:56'),
(1075, 26.40, 74.00, 43, '2026-04-06 00:41:59'),
(1076, 26.40, 74.00, 43, '2026-04-06 00:42:02'),
(1077, 26.40, 74.00, 43, '2026-04-06 00:42:05'),
(1078, 26.40, 74.00, 43, '2026-04-06 00:42:08'),
(1079, 26.40, 74.00, 43, '2026-04-06 00:42:11'),
(1080, 26.40, 74.00, 43, '2026-04-06 00:42:14'),
(1081, 26.40, 74.00, 43, '2026-04-06 00:42:17'),
(1082, 26.40, 74.00, 43, '2026-04-06 00:42:21'),
(1083, 26.40, 74.00, 43, '2026-04-06 00:42:24'),
(1084, 26.50, 74.00, 43, '2026-04-06 00:42:27'),
(1085, 26.70, 75.00, 43, '2026-04-06 00:42:30');
INSERT INTO `sensor_readings` (`id`, `temperature`, `humidity`, `session_id`, `timestamp`) VALUES
(1086, 27.30, 74.00, 43, '2026-04-06 00:42:33'),
(1087, 28.00, 74.00, 43, '2026-04-06 00:42:36'),
(1088, 28.40, 73.00, 43, '2026-04-06 00:42:39'),
(1089, 29.00, 72.00, 43, '2026-04-06 00:42:42'),
(1090, 29.40, 70.00, 43, '2026-04-06 00:42:45'),
(1091, 30.00, 68.00, 43, '2026-04-06 00:42:48'),
(1092, 30.50, 67.00, 43, '2026-04-06 00:42:51'),
(1093, 31.00, 65.00, 43, '2026-04-06 00:42:54'),
(1094, 31.50, 64.00, 43, '2026-04-06 00:42:57'),
(1095, 32.00, 63.00, 43, '2026-04-06 00:43:00'),
(1096, 32.50, 62.00, 43, '2026-04-06 00:43:03'),
(1097, 33.00, 60.00, 43, '2026-04-06 00:43:06'),
(1098, 33.40, 59.00, 43, '2026-04-06 00:43:09'),
(1099, 33.90, 58.00, 43, '2026-04-06 00:43:12'),
(1100, 34.30, 57.00, 43, '2026-04-06 00:43:15'),
(1101, 34.80, 54.00, 43, '2026-04-06 00:43:18'),
(1102, 35.30, 52.00, 43, '2026-04-06 00:43:21'),
(1103, 35.70, 52.00, 43, '2026-04-06 00:43:24'),
(1104, 36.00, 52.00, 43, '2026-04-06 00:43:27'),
(1105, 36.30, 52.00, 43, '2026-04-06 00:43:30'),
(1106, 36.60, 52.00, 43, '2026-04-06 00:43:33'),
(1107, 36.80, 51.00, 43, '2026-04-06 00:43:36'),
(1108, 37.00, 51.00, 43, '2026-04-06 00:43:39'),
(1109, 37.30, 50.00, 43, '2026-04-06 00:43:42'),
(1110, 37.50, 50.00, 43, '2026-04-06 00:43:45'),
(1111, 38.10, 44.00, 43, '2026-04-06 00:44:20'),
(1112, 38.10, 44.00, 43, '2026-04-06 00:44:23'),
(1113, 38.10, 44.00, 43, '2026-04-06 00:44:26'),
(1114, 38.10, 43.00, 43, '2026-04-06 00:44:29'),
(1115, 38.00, 43.00, 43, '2026-04-06 00:44:32'),
(1116, 38.00, 43.00, 43, '2026-04-06 00:44:35'),
(1117, 38.00, 43.00, 43, '2026-04-06 00:44:38'),
(1118, 38.00, 43.00, 43, '2026-04-06 00:44:41'),
(1119, 38.00, 43.00, 43, '2026-04-06 00:44:47'),
(1120, 38.00, 43.00, 43, '2026-04-06 00:44:47'),
(1121, 37.90, 43.00, 43, '2026-04-06 00:44:50'),
(1122, 37.80, 42.00, 43, '2026-04-06 00:44:53'),
(1123, 37.70, 42.00, 43, '2026-04-06 00:44:56'),
(1124, 37.60, 42.00, 43, '2026-04-06 00:44:59'),
(1125, 37.60, 42.00, 43, '2026-04-06 00:45:02'),
(1126, 37.50, 42.00, 43, '2026-04-06 00:45:05'),
(1127, 37.30, 42.00, 43, '2026-04-06 00:45:08'),
(1128, 37.20, 42.00, 43, '2026-04-06 00:45:11'),
(1129, 37.10, 42.00, 43, '2026-04-06 00:45:14'),
(1130, 37.00, 42.00, 43, '2026-04-06 00:45:17'),
(1131, 36.90, 42.00, 43, '2026-04-06 00:45:20'),
(1132, 36.80, 42.00, 43, '2026-04-06 00:45:24'),
(1133, 36.70, 42.00, 43, '2026-04-06 00:45:27'),
(1134, 36.60, 42.00, 43, '2026-04-06 00:45:30'),
(1135, 36.50, 43.00, 43, '2026-04-06 00:45:33'),
(1136, 36.40, 43.00, 43, '2026-04-06 00:45:36'),
(1137, 36.30, 43.00, 43, '2026-04-06 00:45:39'),
(1138, 36.20, 43.00, 43, '2026-04-06 00:45:42'),
(1139, 36.20, 43.00, 43, '2026-04-06 00:45:45'),
(1140, 36.10, 43.00, 43, '2026-04-06 00:45:48'),
(1141, 36.00, 43.00, 43, '2026-04-06 00:45:51'),
(1142, 35.90, 43.00, 43, '2026-04-06 00:45:54'),
(1143, 35.80, 44.00, 43, '2026-04-06 00:45:57'),
(1144, 28.10, 65.00, 44, '2026-04-06 00:54:46'),
(1145, 28.10, 64.00, 44, '2026-04-06 00:54:49'),
(1146, 26.30, 73.00, 45, '2026-04-06 01:13:04'),
(1147, 26.30, 73.00, 45, '2026-04-06 01:13:07'),
(1148, 26.30, 73.00, 45, '2026-04-06 01:13:11'),
(1149, 26.10, 73.00, 46, '2026-04-06 01:23:32'),
(1150, 26.10, 73.00, 46, '2026-04-06 01:23:35'),
(1151, 26.10, 73.00, 46, '2026-04-06 01:23:38'),
(1152, 26.10, 74.00, 47, '2026-04-06 01:28:21'),
(1153, 26.10, 74.00, 47, '2026-04-06 01:28:24'),
(1154, 26.10, 74.00, 47, '2026-04-06 01:28:27'),
(1155, 26.10, 74.00, 47, '2026-04-06 01:28:30'),
(1156, 26.10, 74.00, 47, '2026-04-06 01:28:33'),
(1157, 26.10, 74.00, 47, '2026-04-06 01:28:36'),
(1158, 26.10, 74.00, 47, '2026-04-06 01:28:39');

-- --------------------------------------------------------

--
-- Table structure for table `tblusers`
--

CREATE TABLE `tblusers` (
  `id` int(11) NOT NULL,
  `username` varchar(100) NOT NULL,
  `password` varchar(255) NOT NULL,
  `permission` varchar(20) NOT NULL DEFAULT 'user',
  `status` int(1) NOT NULL DEFAULT 1
) ENGINE=InnoDB DEFAULT CHARSET=utf8mb4 COLLATE=utf8mb4_general_ci;

--
-- Dumping data for table `tblusers`
--

INSERT INTO `tblusers` (`id`, `username`, `password`, `permission`, `status`) VALUES
(2, 'admin', '$2y$10$QjKJPQE0yGePrU470aQ6OezRbNIVcEHqOb85OLqKiyDByB/8yWQKi', 'admin', 1),
(3, 'DINDO', '$2y$10$pLF4xAnnmdHdMW/HCNI6Q.o67R8SJmElHQ0uBPJpk7Nis7jNl3QZ.', 'user', 1),
(5, 'david', '$2y$10$jBORFjfeETJocGtq4qUjAuYqohM.bB5Pb5ZyqsINTYsTCuvtqQHLa', 'user', 0),
(6, 'jouana', '$2y$10$4F9PZ1MVuWhOEYc7.6c3Y.ijkk95pAliVkUzpoyB1fpX2m.HwyXse', 'user', 1),
(12, 'doma', '$2y$10$PpT9VgKLmrAcB/XwD8EjjOJu.uUm.IzvzknaIu5P5Td6oRnBURQU2', 'user', 1),
(17, 'vb', '$2y$10$3bZ2BUbfK18o32Sz5sAuZuBXXMX0oY8bv2P4szcT6uT2ueTAQV192', 'user', 1),
(18, 'dhns', '$2y$10$NatHwS8z7jkLvk00x7a8YehsURKHXRydqt9J90UZVv7exjgrdgTYO', 'user', 1),
(20, 'nica', '$2y$10$mjJ5CVi3U3IH5YUKV4hL...dls.OYte9LkMyB0lC174U21xOkWGoW', 'user', 0),
(22, 'dorina', '$2y$10$pZBcLBRhS1M81jjMZQVcl.uHHBVcCXa2PCCWEtqK7Gbf0Q8CIFEyO', 'user', 1),
(23, 'neri', '$2y$10$bWrpSH9Dq5.hQ0f3BP.peO2/d3f3YDSQgJahLpFdSNcjqzdf5/R26', 'user', 1),
(24, 'aji', '$2y$10$3RgNbXzD3JnkClWLhOJkOeVhgy9dhVP.eKo7eAEjLLHEMRosxrnPm', 'user', 1),
(25, 'joy', '$2y$10$/QomeTNJbuBCTwY2DAVG2Oxh1J3IuqVTokik2du7lFSv6arfcuToa', 'user', 1);

-- --------------------------------------------------------

--
-- Table structure for table `tbl_admin`
--

CREATE TABLE `tbl_admin` (
  `id` int(11) NOT NULL,
  `username` varchar(80) NOT NULL,
  `password` varchar(255) NOT NULL COMMENT 'bcrypt hashed',
  `full_name` varchar(150) DEFAULT NULL,
  `contact_no` varchar(30) DEFAULT NULL,
  `email` varchar(150) DEFAULT NULL,
  `status` tinyint(1) NOT NULL DEFAULT 1,
  `created_at` timestamp NOT NULL DEFAULT current_timestamp()
) ENGINE=InnoDB DEFAULT CHARSET=utf8mb4 COLLATE=utf8mb4_unicode_ci COMMENT='System administrator accounts';

--
-- Dumping data for table `tbl_admin`
--

INSERT INTO `tbl_admin` (`id`, `username`, `password`, `full_name`, `contact_no`, `email`, `status`, `created_at`) VALUES
(1, 'admin', '$2y$10$92IXUNpkjO0rOQ5byMi.Ye4oKoEa3Ro9llC/.og/at2.uheWG/igi', 'System Administrator', '+63 912 345 6789', 'admin@protoautosys.edu.ph', 1, '2026-04-03 06:38:42');

-- --------------------------------------------------------

--
-- Table structure for table `tbl_inquiries`
--

CREATE TABLE `tbl_inquiries` (
  `id` int(11) NOT NULL,
  `name` varchar(150) NOT NULL,
  `contact` varchar(100) DEFAULT NULL COMMENT 'Phone or email of inquirer',
  `message` text NOT NULL,
  `status` enum('pending','read','replied') NOT NULL DEFAULT 'pending',
  `created_at` timestamp NOT NULL DEFAULT current_timestamp()
) ENGINE=InnoDB DEFAULT CHARSET=utf8mb4 COLLATE=utf8mb4_unicode_ci COMMENT='Order and contact inquiries from the landing page';

-- --------------------------------------------------------

--
-- Table structure for table `tbl_prototypes`
--

CREATE TABLE `tbl_prototypes` (
  `id` int(11) NOT NULL,
  `model_name` varchar(100) NOT NULL COMMENT 'Brand or model name (e.g. Fishda)',
  `given_code` varchar(50) NOT NULL COMMENT 'Unique access code assigned by admin (e.g. FD2026)',
  `description` text DEFAULT NULL COMMENT 'Optional notes about this prototype',
  `owner_name` varchar(150) DEFAULT NULL COMMENT 'Person or unit this prototype belongs to',
  `status` tinyint(1) NOT NULL DEFAULT 1 COMMENT '1 = Active, 0 = Restricted',
  `created_at` timestamp NOT NULL DEFAULT current_timestamp(),
  `updated_at` timestamp NOT NULL DEFAULT current_timestamp() ON UPDATE current_timestamp()
) ENGINE=InnoDB DEFAULT CHARSET=utf8mb4 COLLATE=utf8mb4_unicode_ci COMMENT='Registered prototypes that can log in to the system';

--
-- Dumping data for table `tbl_prototypes`
--

INSERT INTO `tbl_prototypes` (`id`, `model_name`, `given_code`, `description`, `owner_name`, `status`, `created_at`, `updated_at`) VALUES
(1, 'Fishda', 'FD2026', 'Temporary prototype model for testing', 'Temporary Seed', 1, '2026-04-03 13:27:05', '2026-04-05 17:29:57'),
(2, 'Aquadry', 'AQ2026', 'Temporary solar drying model', 'Temporary Seed', 1, '2026-04-03 13:27:05', '2026-04-03 13:27:05'),
(3, 'HeatBot', 'HB2026', 'Temporary heat chamber model', 'Temporary Seed', 0, '2026-04-03 13:27:05', '2026-04-03 13:27:05');

-- --------------------------------------------------------

--
-- Table structure for table `tbl_sessions`
--

CREATE TABLE `tbl_sessions` (
  `id` int(11) NOT NULL,
  `prototype_id` int(11) NOT NULL COMMENT 'FK → tbl_prototypes.id',
  `login_at` timestamp NOT NULL DEFAULT current_timestamp(),
  `logout_at` timestamp NULL DEFAULT NULL,
  `ip_address` varchar(45) DEFAULT NULL,
  `notes` text DEFAULT NULL
) ENGINE=InnoDB DEFAULT CHARSET=utf8mb4 COLLATE=utf8mb4_unicode_ci COMMENT='Login/session history per prototype';

--
-- Dumping data for table `tbl_sessions`
--

INSERT INTO `tbl_sessions` (`id`, `prototype_id`, `login_at`, `logout_at`, `ip_address`, `notes`) VALUES
(1, 1, '2026-04-03 13:43:46', NULL, '::1', NULL),
(2, 1, '2026-04-03 15:03:09', NULL, '::1', NULL),
(3, 1, '2026-04-05 11:09:21', NULL, '::1', NULL),
(4, 1, '2026-04-05 13:47:49', NULL, '::1', NULL);

-- --------------------------------------------------------

--
-- Table structure for table `temp`
--

CREATE TABLE `temp` (
  `id` int(11) NOT NULL,
  `temperature` float DEFAULT NULL,
  `fan_status` tinyint(1) DEFAULT NULL,
  `timestamp` timestamp NOT NULL DEFAULT current_timestamp()
) ENGINE=InnoDB DEFAULT CHARSET=utf8mb4 COLLATE=utf8mb4_general_ci;

--
-- Indexes for dumped tables
--

--
-- Indexes for table `batch_schedules`
--
ALTER TABLE `batch_schedules`
  ADD PRIMARY KEY (`id`),
  ADD KEY `idx_sched_user` (`user_id`),
  ADD KEY `idx_sched_date` (`sched_date`);

--
-- Indexes for table `drying_controls`
--
ALTER TABLE `drying_controls`
  ADD PRIMARY KEY (`id`);

--
-- Indexes for table `drying_logs`
--
ALTER TABLE `drying_logs`
  ADD PRIMARY KEY (`log_id`),
  ADD KEY `idx_logs_session` (`session_id`),
  ADD KEY `idx_logs_timestamp` (`timestamp`);

--
-- Indexes for table `drying_records`
--
ALTER TABLE `drying_records`
  ADD PRIMARY KEY (`id`);

--
-- Indexes for table `drying_sessions`
--
ALTER TABLE `drying_sessions`
  ADD PRIMARY KEY (`session_id`),
  ADD KEY `idx_sessions_user` (`user_id`);

--
-- Indexes for table `live_sensor_cache`
--
ALTER TABLE `live_sensor_cache`
  ADD PRIMARY KEY (`id`);

--
-- Indexes for table `sensor_readings`
--
ALTER TABLE `sensor_readings`
  ADD PRIMARY KEY (`id`),
  ADD KEY `idx_sensor_ts` (`timestamp`),
  ADD KEY `idx_sensor_session` (`session_id`);

--
-- Indexes for table `tblusers`
--
ALTER TABLE `tblusers`
  ADD PRIMARY KEY (`id`),
  ADD UNIQUE KEY `username` (`username`);

--
-- Indexes for table `tbl_admin`
--
ALTER TABLE `tbl_admin`
  ADD PRIMARY KEY (`id`),
  ADD UNIQUE KEY `uq_username` (`username`);

--
-- Indexes for table `tbl_inquiries`
--
ALTER TABLE `tbl_inquiries`
  ADD PRIMARY KEY (`id`),
  ADD KEY `idx_status` (`status`);

--
-- Indexes for table `tbl_prototypes`
--
ALTER TABLE `tbl_prototypes`
  ADD PRIMARY KEY (`id`),
  ADD UNIQUE KEY `uq_model_code` (`model_name`,`given_code`),
  ADD KEY `idx_status` (`status`);

--
-- Indexes for table `tbl_sessions`
--
ALTER TABLE `tbl_sessions`
  ADD PRIMARY KEY (`id`),
  ADD KEY `idx_prototype_id` (`prototype_id`);

--
-- AUTO_INCREMENT for dumped tables
--

--
-- AUTO_INCREMENT for table `batch_schedules`
--
ALTER TABLE `batch_schedules`
  MODIFY `id` int(11) NOT NULL AUTO_INCREMENT, AUTO_INCREMENT=6;

--
-- AUTO_INCREMENT for table `drying_controls`
--
ALTER TABLE `drying_controls`
  MODIFY `id` int(11) NOT NULL AUTO_INCREMENT, AUTO_INCREMENT=2;

--
-- AUTO_INCREMENT for table `drying_logs`
--
ALTER TABLE `drying_logs`
  MODIFY `log_id` int(11) NOT NULL AUTO_INCREMENT, AUTO_INCREMENT=1371;

--
-- AUTO_INCREMENT for table `drying_records`
--
ALTER TABLE `drying_records`
  MODIFY `id` int(11) NOT NULL AUTO_INCREMENT, AUTO_INCREMENT=40;

--
-- AUTO_INCREMENT for table `drying_sessions`
--
ALTER TABLE `drying_sessions`
  MODIFY `session_id` int(11) NOT NULL AUTO_INCREMENT, AUTO_INCREMENT=48;

--
-- AUTO_INCREMENT for table `sensor_readings`
--
ALTER TABLE `sensor_readings`
  MODIFY `id` int(11) NOT NULL AUTO_INCREMENT, AUTO_INCREMENT=1159;

--
-- AUTO_INCREMENT for table `tblusers`
--
ALTER TABLE `tblusers`
  MODIFY `id` int(11) NOT NULL AUTO_INCREMENT, AUTO_INCREMENT=26;

--
-- AUTO_INCREMENT for table `tbl_admin`
--
ALTER TABLE `tbl_admin`
  MODIFY `id` int(11) NOT NULL AUTO_INCREMENT, AUTO_INCREMENT=2;

--
-- AUTO_INCREMENT for table `tbl_inquiries`
--
ALTER TABLE `tbl_inquiries`
  MODIFY `id` int(11) NOT NULL AUTO_INCREMENT;

--
-- AUTO_INCREMENT for table `tbl_prototypes`
--
ALTER TABLE `tbl_prototypes`
  MODIFY `id` int(11) NOT NULL AUTO_INCREMENT, AUTO_INCREMENT=4;

--
-- AUTO_INCREMENT for table `tbl_sessions`
--
ALTER TABLE `tbl_sessions`
  MODIFY `id` int(11) NOT NULL AUTO_INCREMENT, AUTO_INCREMENT=5;

--
-- Constraints for dumped tables
--

--
-- Constraints for table `batch_schedules`
--
ALTER TABLE `batch_schedules`
  ADD CONSTRAINT `batch_schedules_ibfk_1` FOREIGN KEY (`user_id`) REFERENCES `tblusers` (`id`) ON DELETE CASCADE;

--
-- Constraints for table `drying_logs`
--
ALTER TABLE `drying_logs`
  ADD CONSTRAINT `drying_logs_ibfk_1` FOREIGN KEY (`session_id`) REFERENCES `drying_sessions` (`session_id`) ON DELETE CASCADE;

--
-- Constraints for table `drying_sessions`
--
ALTER TABLE `drying_sessions`
  ADD CONSTRAINT `drying_sessions_ibfk_1` FOREIGN KEY (`user_id`) REFERENCES `tblusers` (`id`) ON DELETE CASCADE;

--
-- Constraints for table `tbl_sessions`
--
ALTER TABLE `tbl_sessions`
  ADD CONSTRAINT `fk_session_prototype` FOREIGN KEY (`prototype_id`) REFERENCES `tbl_prototypes` (`id`) ON DELETE CASCADE ON UPDATE CASCADE;
COMMIT;

/*!40101 SET CHARACTER_SET_CLIENT=@OLD_CHARACTER_SET_CLIENT */;
/*!40101 SET CHARACTER_SET_RESULTS=@OLD_CHARACTER_SET_RESULTS */;
/*!40101 SET COLLATION_CONNECTION=@OLD_COLLATION_CONNECTION */;
